pollster,numeric_grade,state,candidate_name,pct,sample_size,population,methodology,start_date,end_date,national_poll,recency
YouGov,3,NA,Kamala Harris,50,2154,lv,Online Panel,2024-10-23,2024-10-25,1,11
Emerson,2.9,Montana,Kamala Harris,39.6,1000,lv,Online Panel/Text-to-Web,2024-10-23,2024-10-25,0,11
Emerson,2.9,NA,Kamala Harris,49.3,1000,lv,IVR/Online Panel/Text-to-Web,2024-10-23,2024-10-24,1,12
Cygnal,2.1,New Jersey,Kamala Harris,51.8,600,lv,NA,2024-10-23,2024-10-24,0,12
Emerson,2.9,New Hampshire,Kamala Harris,50.9,915,lv,Online Panel/Text-to-Web,2024-10-21,2024-10-23,0,13
Siena/NYT,3,NA,Kamala Harris,47,2516,rv,Live Phone,2024-10-20,2024-10-23,1,13
Siena/NYT,3,NA,Kamala Harris,45,2516,rv,Live Phone,2024-10-20,2024-10-23,1,13
Siena/NYT,3,NA,Kamala Harris,48,2516,lv,Live Phone,2024-10-20,2024-10-23,1,13
Siena/NYT,3,NA,Kamala Harris,46,2516,lv,Live Phone,2024-10-20,2024-10-23,1,13
CNN/SSRS,2.8,NA,Kamala Harris,47,1704,lv,Probability Panel,2024-10-20,2024-10-23,1,13
CNN/SSRS,2.8,NA,Kamala Harris,47,1704,rv,Probability Panel,2024-10-20,2024-10-23,1,13
Washington Post/George Mason University,2.7,Virginia,Kamala Harris,49,1004,lv,Live Phone/Text-to-Web,2024-10-19,2024-10-23,0,13
Washington Post/George Mason University,2.7,Virginia,Kamala Harris,48,1004,rv,Live Phone/Text-to-Web,2024-10-19,2024-10-23,0,13
Emerson,2.9,Pennsylvania,Kamala Harris,49,860,lv,Online Panel/Text-to-Web,2024-10-21,2024-10-22,0,14
Emerson,2.9,North Carolina,Kamala Harris,48.2,950,lv,Online Panel/Text-to-Web,2024-10-21,2024-10-22,0,14
Emerson,2.9,Wisconsin,Kamala Harris,49.2,800,lv,Online Panel/Text-to-Web,2024-10-21,2024-10-22,0,14
YouGov,3,NA,Kamala Harris,48,1422,rv,Online Panel,2024-10-19,2024-10-22,1,14
YouGov,3,NA,Kamala Harris,49,1293,lv,Online Panel,2024-10-19,2024-10-22,1,14
Emerson,2.9,South Dakota,Kamala Harris,36.5,825,lv,IVR/Online Panel/Text-to-Web,2024-10-19,2024-10-22,0,14
Ipsos,2.8,NA,Kamala Harris,48,2808,a,Probability Panel,2024-10-18,2024-10-22,1,14
Ipsos,2.8,NA,Kamala Harris,49,2392,rv,Probability Panel,2024-10-18,2024-10-22,1,14
Ipsos,2.8,NA,Kamala Harris,51,1913,lv,Probability Panel,2024-10-18,2024-10-22,1,14
Marist,2.9,Georgia,Kamala Harris,49,1356,rv,Live Phone/Online Panel/Text-to-Web,2024-10-17,2024-10-22,0,14
Marist,2.9,Georgia,Kamala Harris,49,1193,lv,Live Phone/Online Panel/Text-to-Web,2024-10-17,2024-10-22,0,14
Marist,2.9,North Carolina,Kamala Harris,48,1410,rv,Live Phone/Online Panel/Text-to-Web,2024-10-17,2024-10-22,0,14
Marist,2.9,North Carolina,Kamala Harris,48,1226,lv,Live Phone/Online Panel/Text-to-Web,2024-10-17,2024-10-22,0,14
Marist,2.9,Arizona,Kamala Harris,49,1329,rv,Live Phone/Online Panel/Text-to-Web,2024-10-17,2024-10-22,0,14
Marist,2.9,Arizona,Kamala Harris,49,1193,lv,Live Phone/Online Panel/Text-to-Web,2024-10-17,2024-10-22,0,14
University of Maryland/Washington Post,2.5,Maryland,Kamala Harris,61,1000,lv,Live Phone/Text-to-Web,2024-10-17,2024-10-22,0,14
Emerson,2.9,Maryland,Kamala Harris,64,865,lv,Online Panel/Text-to-Web,2024-10-19,2024-10-21,0,15
YouGov,3,NA,Kamala Harris,47,1266,rv,Online Panel,2024-10-18,2024-10-21,1,15
YouGov,3,NA,Kamala Harris,48,1189,lv,Online Panel,2024-10-18,2024-10-21,1,15
Emerson,2.9,Texas,Kamala Harris,45.9,815,lv,IVR/Online Panel/Text-to-Web,2024-10-18,2024-10-21,0,15
Monmouth,2.9,NA,Kamala Harris,47,802,rv,Live Phone/Text-to-Web,2024-10-17,2024-10-21,1,15
Quinnipiac,2.8,Michigan,Kamala Harris,49,1136,lv,Live Phone,2024-10-17,2024-10-21,0,15
Quinnipiac,2.8,Michigan,Kamala Harris,50,1136,lv,Live Phone,2024-10-17,2024-10-21,0,15
Quinnipiac,2.8,Wisconsin,Kamala Harris,48,1108,lv,Live Phone,2024-10-17,2024-10-21,0,15
Quinnipiac,2.8,Wisconsin,Kamala Harris,48,1108,lv,Live Phone,2024-10-17,2024-10-21,0,15
Ipsos,2.8,NA,Kamala Harris,46,3481,rv,Probability Panel,2024-10-16,2024-10-21,1,15
Ipsos,2.8,NA,Kamala Harris,48,3307,lv,Probability Panel,2024-10-16,2024-10-21,1,15
Ipsos,2.8,NA,Kamala Harris,41,4129,a,Probability Panel,2024-10-16,2024-10-21,1,15
Ipsos,2.8,NA,Kamala Harris,41,4129,a,Probability Panel,2024-10-16,2024-10-21,1,15
Ipsos,2.8,NA,Kamala Harris,45,3481,rv,Probability Panel,2024-10-16,2024-10-21,1,15
Ipsos,2.8,NA,Kamala Harris,47,3307,lv,Probability Panel,2024-10-16,2024-10-21,1,15
InsiderAdvantage,2,Nevada,Kamala Harris,47.7,800,lv,NA,2024-10-19,2024-10-20,0,16
InsiderAdvantage,2,Arizona,Kamala Harris,47,800,lv,NA,2024-10-19,2024-10-20,0,16
InsiderAdvantage,2,North Carolina,Kamala Harris,46.8,800,lv,NA,2024-10-19,2024-10-20,0,16
Emerson,2.9,Florida,Kamala Harris,45.9,860,lv,IVR/Online Panel/Text-to-Web,2024-10-18,2024-10-20,0,16
SurveyUSA/High Point University,2.8,North Carolina,Kamala Harris,47,1164,rv,Online Panel,2024-10-17,2024-10-20,0,16
Franklin and Marshall College,2.4,Pennsylvania,Kamala Harris,49,794,rv,Mail-to-Web/Mail-to-Phone,2024-10-09,2024-10-20,0,16
Franklin and Marshall College,2.4,Pennsylvania,Kamala Harris,49,583,lv,Mail-to-Web/Mail-to-Phone,2024-10-09,2024-10-20,0,16
Franklin and Marshall College,2.4,Pennsylvania,Kamala Harris,48,794,rv,Mail-to-Web/Mail-to-Phone,2024-10-09,2024-10-20,0,16
Hart/POS,2.6,NA,Kamala Harris,46,1000,rv,Live Phone,2024-10-15,2024-10-19,1,17
Suffolk,2.9,NA,Kamala Harris,45.3,1000,lv,Live Phone,2024-10-14,2024-10-18,1,18
Suffolk,2.9,NA,Kamala Harris,49.7,1000,lv,Live Phone,2024-10-14,2024-10-18,1,18
Research & Polling,2.1,New Mexico,Kamala Harris,50,1024,lv,Live Phone,2024-10-10,2024-10-18,0,18
U. North Florida,2.8,Florida,Kamala Harris,43,977,lv,Live Phone,2024-10-07,2024-10-18,0,18
RMG Research,2.3,Florida,Kamala Harris,47,788,lv,Online Panel,2024-10-14,2024-10-17,0,19
Siena,2.7,New York,Kamala Harris,54,872,lv,Live Phone,2024-10-13,2024-10-17,0,19
Siena,2.7,New York,Kamala Harris,58,872,lv,Live Phone,2024-10-13,2024-10-17,0,19
AtlasIntel,2.7,NA,Kamala Harris,47.6,4180,lv,Online Ad,2024-10-12,2024-10-17,1,19
AtlasIntel,2.7,NA,Kamala Harris,48.1,4180,lv,Online Ad,2024-10-12,2024-10-17,1,19
AtlasIntel,2.7,Arizona,Kamala Harris,48.6,1440,lv,Online Ad,2024-10-12,2024-10-17,0,19
AtlasIntel,2.7,Arizona,Kamala Harris,49.3,1440,lv,Online Ad,2024-10-12,2024-10-17,0,19
AtlasIntel,2.7,Georgia,Kamala Harris,48.1,1411,lv,Online Ad,2024-10-12,2024-10-17,0,19
AtlasIntel,2.7,Georgia,Kamala Harris,48.4,1411,lv,Online Ad,2024-10-12,2024-10-17,0,19
AtlasIntel,2.7,Michigan,Kamala Harris,46.8,1529,lv,Online Ad,2024-10-12,2024-10-17,0,19
AtlasIntel,2.7,Michigan,Kamala Harris,47.3,1529,lv,Online Ad,2024-10-12,2024-10-17,0,19
AtlasIntel,2.7,Nevada,Kamala Harris,48.1,1171,lv,Online Ad,2024-10-12,2024-10-17,0,19
AtlasIntel,2.7,Nevada,Kamala Harris,48.4,1171,lv,Online Ad,2024-10-12,2024-10-17,0,19
AtlasIntel,2.7,North Carolina,Kamala Harris,49.5,1674,lv,Online Ad,2024-10-12,2024-10-17,0,19
AtlasIntel,2.7,North Carolina,Kamala Harris,50.5,1674,lv,Online Ad,2024-10-12,2024-10-17,0,19
AtlasIntel,2.7,Pennsylvania,Kamala Harris,46.5,2048,lv,Online Ad,2024-10-12,2024-10-17,0,19
AtlasIntel,2.7,Pennsylvania,Kamala Harris,47.4,2048,lv,Online Ad,2024-10-12,2024-10-17,0,19
AtlasIntel,2.7,Wisconsin,Kamala Harris,48.9,932,lv,Online Ad,2024-10-12,2024-10-17,0,19
AtlasIntel,2.7,Wisconsin,Kamala Harris,49,932,lv,Online Ad,2024-10-12,2024-10-17,0,19
Emerson,2.9,NA,Kamala Harris,49.5,1000,lv,IVR/Online Panel/Text-to-Web,2024-10-14,2024-10-16,1,20
RMG Research,2.3,NA,Kamala Harris,50,2950,lv,Online Panel,2024-10-14,2024-10-16,1,20
Mason-Dixon,2.6,South Dakota,Kamala Harris,33,500,rv,Live Phone,2024-10-12,2024-10-16,0,20
YouGov,3,Arizona,Kamala Harris,48,1435,lv,Online Panel,2024-10-11,2024-10-16,0,20
UMass Amherst/YouGov,2.4,NA,Kamala Harris,48,1412,a,Online Panel,2024-10-11,2024-10-16,1,20
RMG Research,2.3,Wisconsin,Kamala Harris,49,787,lv,Online Panel,2024-10-10,2024-10-16,0,20
RMG Research,2.3,Michigan,Kamala Harris,49,789,lv,Online Panel,2024-10-10,2024-10-16,0,20
U. Georgia SPIA,2.2,Georgia,Kamala Harris,43.4,1000,lv,Live Phone,2024-10-07,2024-10-16,0,20
InsiderAdvantage,2,Georgia,Kamala Harris,47,800,rv,NA,2024-10-14,2024-10-15,0,21
YouGov,3,NA,Kamala Harris,48,1457,rv,Online Panel,2024-10-12,2024-10-15,1,21
YouGov,3,NA,Kamala Harris,49,1314,lv,Online Panel,2024-10-12,2024-10-15,1,21
PPIC,2.5,California,Kamala Harris,59,1137,lv,Probability Panel,2024-10-07,2024-10-15,0,21
Washington Post/George Mason University,2.7,Arizona,Kamala Harris,44,580,rv,Live Phone/Text-to-Web/Email/Mail-to-Web,2024-09-30,2024-10-15,0,21
Washington Post/George Mason University,2.7,Arizona,Kamala Harris,46,580,lv,Live Phone/Text-to-Web/Email/Mail-to-Web,2024-09-30,2024-10-15,0,21
Washington Post/George Mason University,2.7,Georgia,Kamala Harris,50,730,rv,Live Phone/Text-to-Web/Email/Mail-to-Web,2024-09-30,2024-10-15,0,21
Washington Post/George Mason University,2.7,Georgia,Kamala Harris,51,730,lv,Live Phone/Text-to-Web/Email/Mail-to-Web,2024-09-30,2024-10-15,0,21
Washington Post/George Mason University,2.7,Michigan,Kamala Harris,46,687,rv,Live Phone/Text-to-Web/Email/Mail-to-Web,2024-09-30,2024-10-15,0,21
Washington Post/George Mason University,2.7,Michigan,Kamala Harris,49,687,lv,Live Phone/Text-to-Web/Email/Mail-to-Web,2024-09-30,2024-10-15,0,21
Washington Post/George Mason University,2.7,Nevada,Kamala Harris,47,652,rv,Live Phone/Text-to-Web/Email/Mail-to-Web,2024-09-30,2024-10-15,0,21
Washington Post/George Mason University,2.7,Nevada,Kamala Harris,48,652,lv,Live Phone/Text-to-Web/Email/Mail-to-Web,2024-09-30,2024-10-15,0,21
Washington Post/George Mason University,2.7,North Carolina,Kamala Harris,45,965,rv,Live Phone/Text-to-Web/Email/Mail-to-Web,2024-09-30,2024-10-15,0,21
Washington Post/George Mason University,2.7,North Carolina,Kamala Harris,47,965,lv,Live Phone/Text-to-Web/Email/Mail-to-Web,2024-09-30,2024-10-15,0,21
Washington Post/George Mason University,2.7,Pennsylvania,Kamala Harris,49,707,rv,Live Phone/Text-to-Web/Email/Mail-to-Web,2024-09-30,2024-10-15,0,21
Washington Post/George Mason University,2.7,Pennsylvania,Kamala Harris,49,707,lv,Live Phone/Text-to-Web/Email/Mail-to-Web,2024-09-30,2024-10-15,0,21
Washington Post/George Mason University,2.7,Wisconsin,Kamala Harris,50,695,rv,Live Phone/Text-to-Web/Email/Mail-to-Web,2024-09-30,2024-10-15,0,21
Washington Post/George Mason University,2.7,Wisconsin,Kamala Harris,50,695,lv,Live Phone/Text-to-Web/Email/Mail-to-Web,2024-09-30,2024-10-15,0,21
Mitchell,2.4,Michigan,Kamala Harris,47,589,lv,NA,2024-10-14,2024-10-14,0,22
Mitchell,2.4,Michigan,Kamala Harris,47.4,589,lv,NA,2024-10-14,2024-10-14,0,22
Emerson,2.9,California,Kamala Harris,61,1000,lv,IVR/Online Panel,2024-10-12,2024-10-14,0,22
Cygnal,2.1,North Carolina,Kamala Harris,46.6,600,lv,Live Phone/Text-to-Web,2024-10-12,2024-10-14,0,22
Beacon/Shaw,2.8,NA,Kamala Harris,48,1110,rv,Live Phone/Text-to-Web,2024-10-11,2024-10-14,1,22
Beacon/Shaw,2.8,NA,Kamala Harris,48,870,lv,Live Phone/Text-to-Web,2024-10-11,2024-10-14,1,22
Quinnipiac,2.8,Georgia,Kamala Harris,45,1328,lv,Live Phone,2024-10-10,2024-10-14,0,22
Quinnipiac,2.8,Georgia,Kamala Harris,46,1328,lv,Live Phone,2024-10-10,2024-10-14,0,22
Quinnipiac,2.8,North Carolina,Kamala Harris,49,1031,lv,Live Phone,2024-10-10,2024-10-14,0,22
Quinnipiac,2.8,North Carolina,Kamala Harris,50,1031,lv,Live Phone,2024-10-10,2024-10-14,0,22
SurveyUSA,2.8,Washington,Kamala Harris,57,703,lv,Online Panel,2024-10-09,2024-10-14,0,22
East Carolina University,2.6,Georgia,Kamala Harris,45.8,701,lv,IVR/Text-to-Web,2024-10-09,2024-10-14,0,22
Fairleigh Dickinson,2.6,NA,Kamala Harris,50,806,rv,Live Phone/Text-to-Web,2024-10-08,2024-10-14,1,22
Ipsos,2.8,NA,Kamala Harris,45,807,rv,Probability Panel,2024-10-11,2024-10-13,1,23
Ipsos,2.8,NA,Kamala Harris,47,769,lv,Probability Panel,2024-10-11,2024-10-13,1,23
Ipsos,2.8,NA,Kamala Harris,41,938,a,Probability Panel,2024-10-11,2024-10-13,1,23
YouGov,3,NA,Kamala Harris,51,2712,lv,Online Panel,2024-10-08,2024-10-11,1,25
Marist,2.9,NA,Kamala Harris,52,1401,lv,Online Panel/Text-to-Web,2024-10-08,2024-10-10,1,26
Marist,2.9,NA,Kamala Harris,51,1708,rv,Online Panel/Text-to-Web,2024-10-08,2024-10-10,1,26
RMG Research,2.3,NA,Kamala Harris,50,2945,lv,Online Panel,2024-10-07,2024-10-10,1,26
Siena/NYT,3,Pennsylvania,Kamala Harris,50,857,rv,Live Phone,2024-10-07,2024-10-10,0,26
Siena/NYT,3,Pennsylvania,Kamala Harris,49,857,rv,Live Phone,2024-10-07,2024-10-10,0,26
Siena/NYT,3,Pennsylvania,Kamala Harris,50,857,lv,Live Phone,2024-10-07,2024-10-10,0,26
Siena/NYT,3,Pennsylvania,Kamala Harris,49,857,lv,Live Phone,2024-10-07,2024-10-10,0,26
Siena/NYT,3,Arizona,Kamala Harris,46,808,lv,Live Phone,2024-10-07,2024-10-10,0,26
Siena/NYT,3,Arizona,Kamala Harris,45,808,lv,Live Phone,2024-10-07,2024-10-10,0,26
Siena/NYT,3,Arizona,Kamala Harris,45,808,rv,Live Phone,2024-10-07,2024-10-10,0,26
Siena/NYT,3,Arizona,Kamala Harris,44,808,rv,Live Phone,2024-10-07,2024-10-10,0,26
RMG Research,2.3,Georgia,Kamala Harris,47,731,lv,Online Panel,2024-10-07,2024-10-10,0,26
UMass Amherst/YouGov,2.4,Massachusetts,Kamala Harris,56,700,a,Online Panel,2024-10-03,2024-10-10,0,26
University of Massachusetts Lowell/YouGov,2.9,New Hampshire,Kamala Harris,50,600,lv,Online Panel,2024-10-02,2024-10-10,0,26
YouGov,3,Texas,Kamala Harris,46,1091,lv,Online Panel,2024-10-02,2024-10-10,0,26
Marquette Law School,3,NA,Kamala Harris,50,780,rv,Probability Panel,2024-10-01,2024-10-10,1,26
Marquette Law School,3,NA,Kamala Harris,43,780,rv,Probability Panel,2024-10-01,2024-10-10,1,26
Marquette Law School,3,NA,Kamala Harris,50,652,lv,Probability Panel,2024-10-01,2024-10-10,1,26
Marquette Law School,3,NA,Kamala Harris,44,652,lv,Probability Panel,2024-10-01,2024-10-10,1,26
U. Houston,2.2,Texas,Kamala Harris,46,1329,lv,Online Panel,2024-09-26,2024-10-10,0,26
InsiderAdvantage,2,Michigan,Kamala Harris,46,800,lv,Text,2024-10-08,2024-10-09,0,27
InsiderAdvantage,2,Wisconsin,Kamala Harris,48,800,lv,Text,2024-10-08,2024-10-09,0,27
University of Massachusetts Lowell/YouGov,2.9,Pennsylvania,Kamala Harris,46,800,lv,Online Panel,2024-10-02,2024-10-09,0,27
InsiderAdvantage,2,Pennsylvania,Kamala Harris,47,800,lv,Text,2024-10-07,2024-10-08,0,28
Emerson,2.9,Arizona,Kamala Harris,48.2,1000,lv,IVR/Online Panel/Text-to-Web,2024-10-05,2024-10-08,0,28
Emerson,2.9,Georgia,Kamala Harris,49.8,1000,lv,IVR/Online Panel/Text-to-Web,2024-10-05,2024-10-08,0,28
Emerson,2.9,Michigan,Kamala Harris,49.7,950,lv,IVR/Online Panel/Text-to-Web,2024-10-05,2024-10-08,0,28
Emerson,2.9,Nevada,Kamala Harris,49.2,900,lv,IVR/Online Panel/Text-to-Web,2024-10-05,2024-10-08,0,28
Emerson,2.9,North Carolina,Kamala Harris,49,1000,lv,IVR/Online Panel/Text-to-Web,2024-10-05,2024-10-08,0,28
Emerson,2.9,Pennsylvania,Kamala Harris,49,1000,lv,IVR/Online Panel/Text-to-Web,2024-10-05,2024-10-08,0,28
Emerson,2.9,Wisconsin,Kamala Harris,49.2,1000,lv,IVR/Online Panel/Text-to-Web,2024-10-05,2024-10-08,0,28
Siena/NYT,3,Montana,Kamala Harris,39,656,rv,Live Phone,2024-10-05,2024-10-08,0,28
Siena/NYT,3,Montana,Kamala Harris,38,656,rv,Live Phone,2024-10-05,2024-10-08,0,28
Siena/NYT,3,Montana,Kamala Harris,40,656,lv,Live Phone,2024-10-05,2024-10-08,0,28
Siena/NYT,3,Montana,Kamala Harris,39,656,lv,Live Phone,2024-10-05,2024-10-08,0,28
Hart/POS,2.6,NA,Kamala Harris,46,1000,rv,Live Phone,2024-10-04,2024-10-08,1,28
Hart/POS,2.6,NA,Kamala Harris,48,1000,rv,Live Phone,2024-10-04,2024-10-08,1,28
Ipsos,2.8,NA,Kamala Harris,49,2631,a,Probability Panel,2024-10-04,2024-10-08,1,28
Ipsos,2.8,NA,Kamala Harris,49,2226,rv,Probability Panel,2024-10-04,2024-10-08,1,28
Ipsos,2.8,NA,Kamala Harris,50,1714,lv,Probability Panel,2024-10-04,2024-10-08,1,28
Ipsos,2.8,NA,Kamala Harris,50,2631,a,Probability Panel,2024-10-04,2024-10-08,1,28
Ipsos,2.8,NA,Kamala Harris,50,2226,rv,Probability Panel,2024-10-04,2024-10-08,1,28
Ipsos,2.8,NA,Kamala Harris,51,1714,lv,Probability Panel,2024-10-04,2024-10-08,1,28
YouGov,3,NA,Kamala Harris,47,1414,rv,Online Panel,2024-10-06,2024-10-07,1,29
YouGov,3,NA,Kamala Harris,49,1230,lv,Online Panel,2024-10-06,2024-10-07,1,29
Research Co.,2.4,Michigan,Kamala Harris,51,450,lv,Online Panel,2024-10-05,2024-10-07,0,29
Research Co.,2.4,Pennsylvania,Kamala Harris,50,450,lv,Online Panel,2024-10-05,2024-10-07,0,29
Research Co.,2.4,Wisconsin,Kamala Harris,50,450,lv,Online Panel,2024-10-05,2024-10-07,0,29
Ipsos,2.8,NA,Kamala Harris,42,1272,a,Probability Panel,2024-10-04,2024-10-07,1,29
Ipsos,2.8,NA,Kamala Harris,46,1076,rv,Probability Panel,2024-10-04,2024-10-07,1,29
Ipsos,2.8,NA,Kamala Harris,47,1076,lv,Probability Panel,2024-10-04,2024-10-07,1,29
Ipsos,2.8,NA,Kamala Harris,48,1272,a,Probability Panel,2024-10-04,2024-10-07,1,29
Ipsos,2.8,NA,Kamala Harris,50,1076,rv,Probability Panel,2024-10-04,2024-10-07,1,29
Ipsos,2.8,NA,Kamala Harris,51,1076,lv,Probability Panel,2024-10-04,2024-10-07,1,29
Quinnipiac,2.8,Michigan,Kamala Harris,47,1007,lv,Live Phone,2024-10-03,2024-10-07,0,29
Quinnipiac,2.8,Michigan,Kamala Harris,47,1007,lv,Live Phone,2024-10-03,2024-10-07,0,29
Quinnipiac,2.8,Pennsylvania,Kamala Harris,49,1412,lv,Live Phone,2024-10-03,2024-10-07,0,29
Quinnipiac,2.8,Pennsylvania,Kamala Harris,49,1412,lv,Live Phone,2024-10-03,2024-10-07,0,29
Quinnipiac,2.8,Wisconsin,Kamala Harris,46,1073,lv,Live Phone,2024-10-03,2024-10-07,0,29
Quinnipiac,2.8,Wisconsin,Kamala Harris,47,1073,lv,Live Phone,2024-10-03,2024-10-07,0,29
Marist,2.9,Florida,Kamala Harris,47,1257,lv,Live Phone/Online Panel/Text-to-Web,2024-10-03,2024-10-07,0,29
Marist,2.9,Florida,Kamala Harris,47,1410,rv,Live Phone/Online Panel/Text-to-Web,2024-10-03,2024-10-07,0,29
Marist,2.9,Texas,Kamala Harris,46,1365,rv,Live Phone/Online Panel/Text-to-Web,2024-10-03,2024-10-07,0,29
Marist,2.9,Texas,Kamala Harris,46,1186,lv,Live Phone/Online Panel/Text-to-Web,2024-10-03,2024-10-07,0,29
Marist,2.9,Ohio,Kamala Harris,46,1511,rv,Live Phone/Online Panel/Text-to-Web,2024-10-03,2024-10-07,0,29
Marist,2.9,Ohio,Kamala Harris,46,1327,lv,Live Phone/Online Panel/Text-to-Web,2024-10-03,2024-10-07,0,29
The Washington Post,3,Ohio,Kamala Harris,45,1002,lv,Live Phone/Text-to-Web,2024-10-03,2024-10-07,0,29
The Washington Post,3,Ohio,Kamala Harris,44,1002,rv,Live Phone/Text-to-Web,2024-10-03,2024-10-07,0,29
Noble Predictive Insights,2.4,Utah,Kamala Harris,38,539,lv,Online Panel/Text-to-Web,2024-10-02,2024-10-07,0,29
Noble Predictive Insights,2.4,Utah,Kamala Harris,36,539,lv,Online Panel/Text-to-Web,2024-10-02,2024-10-07,0,29
Noble Predictive Insights,2.4,Utah,Kamala Harris,39,600,rv,Online Panel/Text-to-Web,2024-10-02,2024-10-07,0,29
Noble Predictive Insights,2.4,Utah,Kamala Harris,37,600,rv,Online Panel/Text-to-Web,2024-10-02,2024-10-07,0,29
Research Co.,2.4,NA,Kamala Harris,49,1001,lv,Online Panel,2024-10-04,2024-10-06,1,30
Pew,2.5,NA,Kamala Harris,48,4025,rv,Probability Panel,2024-09-30,2024-10-06,1,30
Pew,2.5,NA,Kamala Harris,50,4025,rv,Probability Panel,2024-09-30,2024-10-06,1,30
Siena/NYT,3,NA,Kamala Harris,49,3385,lv,Live Phone,2024-09-29,2024-10-06,1,30
Siena/NYT,3,NA,Kamala Harris,47,3385,lv,Live Phone,2024-09-29,2024-10-06,1,30
Siena/NYT,3,Florida,Kamala Harris,41,622,lv,Live Phone,2024-09-29,2024-10-06,0,30
Siena/NYT,3,Florida,Kamala Harris,40,622,lv,Live Phone,2024-09-29,2024-10-06,0,30
Siena/NYT,3,Florida,Kamala Harris,41,622,rv,Live Phone,2024-09-29,2024-10-06,0,30
Siena/NYT,3,Florida,Kamala Harris,40,622,rv,Live Phone,2024-09-29,2024-10-06,0,30
Suffolk,2.9,Massachusetts,Kamala Harris,61.2,500,lv,Live Phone,2024-10-01,2024-10-05,0,31
YouGov,3,NA,Kamala Harris,46,1150,rv,Online Panel,2024-10-02,2024-10-04,1,32
YouGov,3,NA,Kamala Harris,47,1032,lv,Online Panel,2024-10-02,2024-10-04,1,32
YouGov,3,NA,Kamala Harris,48,1151,rv,Online Panel,2024-10-02,2024-10-04,1,32
YouGov,3,NA,Kamala Harris,48,1033,lv,Online Panel,2024-10-02,2024-10-04,1,32
Noble Predictive Insights,2.4,NA,Kamala Harris,49,2290,lv,Online Panel,2024-10-02,2024-10-04,1,32
Noble Predictive Insights,2.4,NA,Kamala Harris,49,2290,lv,Online Panel,2024-10-02,2024-10-04,1,32
Noble Predictive Insights,2.4,NA,Kamala Harris,47,2560,rv,Online Panel,2024-10-02,2024-10-04,1,32
Noble Predictive Insights,2.4,NA,Kamala Harris,47,2560,rv,Online Panel,2024-10-02,2024-10-04,1,32
Mason-Dixon,2.6,Florida,Kamala Harris,43,625,lv,Live Phone,2024-10-01,2024-10-04,0,32
Siena/NYT,3,Texas,Kamala Harris,44,617,lv,Live Phone,2024-09-29,2024-10-04,0,32
Siena/NYT,3,Texas,Kamala Harris,42,617,lv,Live Phone,2024-09-29,2024-10-04,0,32
Siena/NYT,3,Texas,Kamala Harris,44,617,rv,Live Phone,2024-09-29,2024-10-04,0,32
Siena/NYT,3,Texas,Kamala Harris,41,617,rv,Live Phone,2024-09-29,2024-10-04,0,32
Christopher Newport U.,2.8,Virginia,Kamala Harris,52,800,lv,Live Phone,2024-09-28,2024-10-04,0,32
Data for Progress,2.6,NA,Kamala Harris,49,1211,lv,Online Panel,2024-10-02,2024-10-03,1,33
Cygnal,2.1,NA,Kamala Harris,47.2,1500,lv,NA,2024-10-02,2024-10-03,1,33
Cygnal,2.1,NA,Kamala Harris,50.3,1500,lv,NA,2024-10-02,2024-10-03,1,33
RMG Research,2.3,NA,Kamala Harris,49,2965,lv,Online Panel,2024-09-30,2024-10-03,1,33
RMG Research,2.3,Nevada,Kamala Harris,49,782,lv,Online Panel,2024-09-30,2024-10-03,0,33
St. Anselm,2.4,New Hampshire,Kamala Harris,51,2104,lv,Online Panel,2024-10-01,2024-10-02,0,34
RMG Research,2.3,Arizona,Kamala Harris,46,783,lv,Online Panel,2024-09-30,2024-10-02,0,34
YouGov/Center for Working Class Politics,3,Pennsylvania,Kamala Harris,46.8,1000,rv,Online Panel,2024-09-24,2024-10-02,0,34
YouGov,3,NA,Kamala Harris,48,1463,rv,Online Panel,2024-09-29,2024-10-01,1,35
YouGov,3,NA,Kamala Harris,49,1261,lv,Online Panel,2024-09-29,2024-10-01,1,35
Emerson,2.9,NA,Kamala Harris,50.2,1000,lv,IVR/Online Panel/Text-to-Web,2024-09-29,2024-10-01,1,35
Marist,2.9,NA,Kamala Harris,50,1294,lv,Live Phone/Online Panel/Text-to-Web,2024-09-27,2024-10-01,1,35
Marist,2.9,NA,Kamala Harris,50,1514,rv,Live Phone/Online Panel/Text-to-Web,2024-09-27,2024-10-01,1,35
UC Berkeley,2.5,California,Kamala Harris,57,3045,lv,Email,2024-09-25,2024-10-01,0,35
Susquehanna,2.3,NA,Kamala Harris,49,1001,lv,NA,2024-09-23,2024-10-01,1,35
Mitchell,2.4,Michigan,Kamala Harris,48,709,lv,Text-to-Web,2024-09-30,2024-09-30,0,36
Mitchell,2.4,Michigan,Kamala Harris,47,709,lv,Text-to-Web,2024-09-30,2024-09-30,0,36
InsiderAdvantage,2,Arizona,Kamala Harris,47.7,800,lv,Text,2024-09-29,2024-09-30,0,36
InsiderAdvantage,2,Nevada,Kamala Harris,48.4,800,lv,Text,2024-09-29,2024-09-30,0,36
InsiderAdvantage,2,North Carolina,Kamala Harris,49.3,800,lv,Text,2024-09-29,2024-09-30,0,36
InsiderAdvantage,2,Georgia,Kamala Harris,48.3,800,lv,Text,2024-09-29,2024-09-30,0,36
Leger,2,NA,Kamala Harris,51,837,lv,NA,2024-09-27,2024-09-29,1,37
Leger,2,NA,Kamala Harris,50,888,rv,NA,2024-09-27,2024-09-29,1,37
The Washington Post,3,North Carolina,Kamala Harris,48,1001,lv,Live Phone/Text-to-Web,2024-09-25,2024-09-29,0,37
The Washington Post,3,North Carolina,Kamala Harris,47,1001,rv,Live Phone/Text-to-Web,2024-09-25,2024-09-29,0,37
Quinnipiac,2.8,North Carolina,Kamala Harris,47,953,lv,Live Phone,2024-09-25,2024-09-29,0,37
Quinnipiac,2.8,North Carolina,Kamala Harris,48,953,lv,Live Phone,2024-09-25,2024-09-29,0,37
Quinnipiac,2.8,Georgia,Kamala Harris,44,942,lv,Live Phone,2024-09-25,2024-09-29,0,37
Quinnipiac,2.8,Georgia,Kamala Harris,45,942,lv,Live Phone,2024-09-25,2024-09-29,0,37
National Research,2,Arizona,Kamala Harris,47,600,lv,Live Phone/Text-to-Web,2024-09-25,2024-09-29,0,37
Winthrop U.,2.5,South Carolina,Kamala Harris,42,1068,lv,Live Phone/Online Panel,2024-09-21,2024-09-29,0,37
High Point University,2.5,North Carolina,Kamala Harris,48,814,rv,Online Panel,2024-09-20,2024-09-29,0,37
High Point University,2.5,North Carolina,Kamala Harris,48,589,lv,Online Panel,2024-09-20,2024-09-29,0,37
Emerson,2.9,Arizona,Kamala Harris,47.6,920,lv,Online Panel/Text-to-Web,2024-09-27,2024-09-28,0,38
Emerson,2.9,North Carolina,Kamala Harris,49.1,850,lv,Online Panel/Text-to-Web,2024-09-27,2024-09-28,0,38
Emerson,2.9,Pennsylvania,Kamala Harris,49.3,1000,lv,Online Panel/Text-to-Web,2024-09-27,2024-09-28,0,38
Cygnal,2.1,Iowa,Kamala Harris,44.6,600,lv,NA,2024-09-27,2024-09-28,0,38
RMG Research,2.3,Texas,Kamala Harris,46,779,lv,Online Panel,2024-09-25,2024-09-27,0,39
RMG Research,2.3,Florida,Kamala Harris,48,774,lv,Online Panel,2024-09-25,2024-09-27,0,39
RMG Research,2.3,North Carolina,Kamala Harris,47,780,lv,Online Panel,2024-09-25,2024-09-27,0,39
RMG Research,2.3,Michigan,Kamala Harris,50,789,lv,Online Panel,2024-09-24,2024-09-27,0,39
McCourtney Institute/YouGov,3,NA,Kamala Harris,48,848,lv,Online Panel,2024-09-23,2024-09-27,1,39
Siena/NYT,3,Nebraska CD-2,Kamala Harris,51,680,rv,Live Phone,2024-09-24,2024-09-26,0,40
Siena/NYT,3,Nebraska CD-2,Kamala Harris,49,680,rv,Live Phone,2024-09-24,2024-09-26,0,40
Siena/NYT,3,Nebraska CD-2,Kamala Harris,52,680,lv,Live Phone,2024-09-24,2024-09-26,0,40
Siena/NYT,3,Nebraska CD-2,Kamala Harris,51,680,lv,Live Phone,2024-09-24,2024-09-26,0,40
SurveyUSA,2.8,Minnesota,Kamala Harris,50,646,lv,Online Panel,2024-09-23,2024-09-26,0,40
East Carolina University,2.6,North Carolina,Kamala Harris,47.1,1005,lv,IVR/Text-to-Web,2024-09-23,2024-09-26,0,40
Siena/NYT,3,Michigan,Kamala Harris,45,688,rv,Live Phone,2024-09-21,2024-09-26,0,40
Siena/NYT,3,Michigan,Kamala Harris,43,688,rv,Live Phone,2024-09-21,2024-09-26,0,40
Siena/NYT,3,Michigan,Kamala Harris,48,688,lv,Live Phone,2024-09-21,2024-09-26,0,40
Siena/NYT,3,Michigan,Kamala Harris,46,688,lv,Live Phone,2024-09-21,2024-09-26,0,40
Siena/NYT,3,Ohio,Kamala Harris,45,687,rv,Live Phone,2024-09-21,2024-09-26,0,40
Siena/NYT,3,Ohio,Kamala Harris,44,687,rv,Live Phone,2024-09-21,2024-09-26,0,40
Siena/NYT,3,Ohio,Kamala Harris,44,687,lv,Live Phone,2024-09-21,2024-09-26,0,40
Siena/NYT,3,Ohio,Kamala Harris,43,687,lv,Live Phone,2024-09-21,2024-09-26,0,40
Siena/NYT,3,Wisconsin,Kamala Harris,49,680,rv,Live Phone,2024-09-21,2024-09-26,0,40
Siena/NYT,3,Wisconsin,Kamala Harris,48,680,rv,Live Phone,2024-09-21,2024-09-26,0,40
Siena/NYT,3,Wisconsin,Kamala Harris,49,680,lv,Live Phone,2024-09-21,2024-09-26,0,40
Siena/NYT,3,Wisconsin,Kamala Harris,48,680,lv,Live Phone,2024-09-21,2024-09-26,0,40
Marquette Law School,3,Wisconsin,Kamala Harris,52,882,rv,Probability Panel,2024-09-18,2024-09-26,0,40
Marquette Law School,3,Wisconsin,Kamala Harris,52,798,lv,Probability Panel,2024-09-18,2024-09-26,0,40
Marquette Law School,3,Wisconsin,Kamala Harris,48,882,rv,Probability Panel,2024-09-18,2024-09-26,0,40
Marquette Law School,3,Wisconsin,Kamala Harris,49,798,lv,Probability Panel,2024-09-18,2024-09-26,0,40
Echelon Insights,2.7,NA,Kamala Harris,52,1005,lv,Online Panel,2024-09-23,2024-09-25,1,41
Echelon Insights,2.7,NA,Kamala Harris,49,1005,lv,Online Panel,2024-09-23,2024-09-25,1,41
Emerson,2.9,New York,Kamala Harris,55.5,1000,lv,Online Panel/Text-to-Web,2024-09-23,2024-09-25,0,41
RMG Research,2.3,NA,Kamala Harris,50,2952,lv,Online Panel,2024-09-23,2024-09-25,1,41
CNN/SSRS,2.8,North Carolina,Kamala Harris,48,931,lv,Live Phone/Text-to-Web/Email/Mail-to-Web/Mail-to-Phone,2024-09-20,2024-09-25,0,41
CNN/SSRS,2.8,Nebraska CD-2,Kamala Harris,53,749,lv,Live Phone/Text-to-Web/Email/Mail-to-Web/Mail-to-Phone,2024-09-20,2024-09-25,0,41
AtlasIntel,2.7,Arizona,Kamala Harris,48.6,946,lv,Online Ad,2024-09-20,2024-09-25,0,41
AtlasIntel,2.7,Arizona,Kamala Harris,48.6,946,lv,Online Ad,2024-09-20,2024-09-25,0,41
AtlasIntel,2.7,Michigan,Kamala Harris,46.6,918,lv,Online Ad,2024-09-20,2024-09-25,0,41
AtlasIntel,2.7,Michigan,Kamala Harris,47.2,918,lv,Online Ad,2024-09-20,2024-09-25,0,41
AtlasIntel,2.7,Nevada,Kamala Harris,50.6,858,lv,Online Ad,2024-09-20,2024-09-25,0,41
AtlasIntel,2.7,Nevada,Kamala Harris,50.5,858,lv,Online Ad,2024-09-20,2024-09-25,0,41
AtlasIntel,2.7,Pennsylvania,Kamala Harris,48,1775,lv,Online Ad,2024-09-20,2024-09-25,0,41
AtlasIntel,2.7,Pennsylvania,Kamala Harris,48.1,1775,lv,Online Ad,2024-09-20,2024-09-25,0,41
AtlasIntel,2.7,Wisconsin,Kamala Harris,48.2,1077,lv,Online Ad,2024-09-20,2024-09-25,0,41
AtlasIntel,2.7,Wisconsin,Kamala Harris,48.2,1077,lv,Online Ad,2024-09-20,2024-09-25,0,41
AtlasIntel,2.7,North Carolina,Kamala Harris,50.8,1173,lv,Online Ad,2024-09-20,2024-09-25,0,41
AtlasIntel,2.7,North Carolina,Kamala Harris,50.5,1173,lv,Online Ad,2024-09-20,2024-09-25,0,41
AtlasIntel,2.7,Georgia,Kamala Harris,49,1200,lv,Online Ad,2024-09-20,2024-09-25,0,41
AtlasIntel,2.7,Georgia,Kamala Harris,49,1200,lv,Online Ad,2024-09-20,2024-09-25,0,41
Virginia Commonwealth U.,2.1,Virginia,Kamala Harris,43,832,a,Live Phone/Text-to-Web,2024-09-16,2024-09-25,0,41
Virginia Commonwealth U.,2.1,Virginia,Kamala Harris,47.4,762,rv,Live Phone/Text-to-Web,2024-09-16,2024-09-25,0,41
Emerson,2.9,Texas,Kamala Harris,46.7,950,lv,Online Panel/Text-to-Web,2024-09-22,2024-09-24,0,42
Emerson,2.9,Virginia,Kamala Harris,52.7,860,lv,Online Panel/Text-to-Web,2024-09-22,2024-09-24,0,42
YouGov,3,NA,Kamala Harris,47,1424,rv,Online Panel,2024-09-21,2024-09-24,1,42
YouGov,3,NA,Kamala Harris,49,1220,lv,Online Panel,2024-09-21,2024-09-24,1,42
YouGov,3,Georgia,Kamala Harris,49,1441,lv,Online Panel,2024-09-20,2024-09-24,0,42
Beacon/Shaw,2.8,Arizona,Kamala Harris,47,1021,rv,Live Phone/Text-to-Web,2024-09-20,2024-09-24,0,42
Beacon/Shaw,2.8,Arizona,Kamala Harris,47,764,lv,Live Phone/Text-to-Web,2024-09-20,2024-09-24,0,42
Beacon/Shaw,2.8,Arizona,Kamala Harris,48,1021,rv,Live Phone/Text-to-Web,2024-09-20,2024-09-24,0,42
Beacon/Shaw,2.8,Arizona,Kamala Harris,48,764,lv,Live Phone/Text-to-Web,2024-09-20,2024-09-24,0,42
Beacon/Shaw,2.8,Georgia,Kamala Harris,49,1006,rv,Live Phone/Text-to-Web,2024-09-20,2024-09-24,0,42
Beacon/Shaw,2.8,Georgia,Kamala Harris,50,707,lv,Live Phone/Text-to-Web,2024-09-20,2024-09-24,0,42
Beacon/Shaw,2.8,Georgia,Kamala Harris,51,1006,rv,Live Phone/Text-to-Web,2024-09-20,2024-09-24,0,42
Beacon/Shaw,2.8,Georgia,Kamala Harris,51,707,lv,Live Phone/Text-to-Web,2024-09-20,2024-09-24,0,42
Beacon/Shaw,2.8,North Carolina,Kamala Harris,47,787,lv,Live Phone/Text-to-Web,2024-09-20,2024-09-24,0,42
Beacon/Shaw,2.8,North Carolina,Kamala Harris,48,991,rv,Live Phone/Text-to-Web,2024-09-20,2024-09-24,0,42
Beacon/Shaw,2.8,North Carolina,Kamala Harris,49,787,lv,Live Phone/Text-to-Web,2024-09-20,2024-09-24,0,42
Beacon/Shaw,2.8,North Carolina,Kamala Harris,50,991,rv,Live Phone/Text-to-Web,2024-09-20,2024-09-24,0,42
Beacon/Shaw,2.8,Pennsylvania,Kamala Harris,47,775,lv,Live Phone/Text-to-Web,2024-09-20,2024-09-24,0,42
Beacon/Shaw,2.8,Pennsylvania,Kamala Harris,48,1021,rv,Live Phone/Text-to-Web,2024-09-20,2024-09-24,0,42
Beacon/Shaw,2.8,Pennsylvania,Kamala Harris,49,775,lv,Live Phone/Text-to-Web,2024-09-20,2024-09-24,0,42
Beacon/Shaw,2.8,Pennsylvania,Kamala Harris,50,1021,rv,Live Phone/Text-to-Web,2024-09-20,2024-09-24,0,42
Marist,2.9,Arizona,Kamala Harris,48,1416,rv,Live Phone/Online Panel/Text-to-Web,2024-09-19,2024-09-24,0,42
Marist,2.9,Arizona,Kamala Harris,49,1264,lv,Live Phone/Online Panel/Text-to-Web,2024-09-19,2024-09-24,0,42
Marist,2.9,North Carolina,Kamala Harris,49,1507,rv,Live Phone/Online Panel/Text-to-Web,2024-09-19,2024-09-24,0,42
Marist,2.9,North Carolina,Kamala Harris,49,1348,lv,Live Phone/Online Panel/Text-to-Web,2024-09-19,2024-09-24,0,42
Marist,2.9,Georgia,Kamala Harris,49,1420,rv,Live Phone/Online Panel/Text-to-Web,2024-09-19,2024-09-24,0,42
Marist,2.9,Georgia,Kamala Harris,49,1220,lv,Live Phone/Online Panel/Text-to-Web,2024-09-19,2024-09-24,0,42
Suffolk,2.9,Arizona,Kamala Harris,42.4,500,lv,Live Phone,2024-09-19,2024-09-24,0,42
SurveyUSA,2.8,Nebraska,Kamala Harris,40,558,lv,IVR/Online Panel/Text-to-Web,2024-09-20,2024-09-23,0,43
Monmouth,2.9,Pennsylvania,Kamala Harris,47,654,rv,NA,2024-09-19,2024-09-23,0,43
University of Maryland/Washington Post,2.5,Maryland,Kamala Harris,63,1012,lv,Live Phone/Text-to-Web,2024-09-19,2024-09-23,0,43
University of Maryland/Washington Post,2.5,Maryland,Kamala Harris,64,1012,lv,Live Phone/Text-to-Web,2024-09-19,2024-09-23,0,43
University of Maryland/Washington Post,2.5,Maryland,Kamala Harris,61,1012,rv,Live Phone/Text-to-Web,2024-09-19,2024-09-23,0,43
University of Maryland/Washington Post,2.5,Maryland,Kamala Harris,62,1012,rv,Live Phone/Text-to-Web,2024-09-19,2024-09-23,0,43
RMG Research,2.3,Wisconsin,Kamala Harris,50,788,lv,Online Panel,2024-09-17,2024-09-23,0,43
Ipsos,2.8,NA,Kamala Harris,46.61,871,rv,Probability Panel,2024-09-20,2024-09-22,1,44
Ipsos,2.8,NA,Kamala Harris,50,785,lv,Probability Panel,2024-09-20,2024-09-22,1,44
Ipsos,2.8,NA,Kamala Harris,42,1029,a,Probability Panel,2024-09-20,2024-09-22,1,44
CNN/SSRS,2.8,NA,Kamala Harris,48,2074,lv,Probability Panel,2024-09-19,2024-09-22,1,44
CNN/SSRS,2.8,NA,Kamala Harris,47,2074,rv,Probability Panel,2024-09-19,2024-09-22,1,44
Quinnipiac,2.8,NA,Kamala Harris,47,1728,lv,Live Phone,2024-09-19,2024-09-22,1,44
Quinnipiac,2.8,NA,Kamala Harris,48,1728,lv,Live Phone,2024-09-19,2024-09-22,1,44
Susquehanna,2.3,Pennsylvania,Kamala Harris,46,700,lv,NA,2024-09-16,2024-09-22,0,44
Siena/NYT,3,Arizona,Kamala Harris,45,713,rv,Live Phone,2024-09-17,2024-09-21,0,45
Siena/NYT,3,Arizona,Kamala Harris,45,713,lv,Live Phone,2024-09-17,2024-09-21,0,45
Siena/NYT,3,Arizona,Kamala Harris,42,713,rv,Live Phone,2024-09-17,2024-09-21,0,45
Siena/NYT,3,Arizona,Kamala Harris,43,713,lv,Live Phone,2024-09-17,2024-09-21,0,45
Siena/NYT,3,Georgia,Kamala Harris,44,682,rv,Live Phone,2024-09-17,2024-09-21,0,45
Siena/NYT,3,Georgia,Kamala Harris,45,682,lv,Live Phone,2024-09-17,2024-09-21,0,45
Siena/NYT,3,Georgia,Kamala Harris,43,682,rv,Live Phone,2024-09-17,2024-09-21,0,45
Siena/NYT,3,Georgia,Kamala Harris,44,682,lv,Live Phone,2024-09-17,2024-09-21,0,45
Siena/NYT,3,North Carolina,Kamala Harris,47,682,rv,Live Phone,2024-09-17,2024-09-21,0,45
Siena/NYT,3,North Carolina,Kamala Harris,47,682,lv,Live Phone,2024-09-17,2024-09-21,0,45
Siena/NYT,3,North Carolina,Kamala Harris,46,682,rv,Live Phone,2024-09-17,2024-09-21,0,45
Siena/NYT,3,North Carolina,Kamala Harris,45,682,lv,Live Phone,2024-09-17,2024-09-21,0,45
YouGov,3,NA,Kamala Harris,52,3129,lv,Online Panel,2024-09-18,2024-09-20,1,46
RMG Research,2.3,Ohio,Kamala Harris,43,781,lv,Online Panel,2024-09-18,2024-09-20,0,46
RMG Research,2.3,Pennsylvania,Kamala Harris,49,783,lv,NA,2024-09-18,2024-09-20,0,46
Remington,2.6,Michigan,Kamala Harris,49,800,lv,NA,2024-09-16,2024-09-20,0,46
Remington,2.6,Nevada,Kamala Harris,48,800,lv,NA,2024-09-16,2024-09-20,0,46
Remington,2.6,Pennsylvania,Kamala Harris,47,800,lv,NA,2024-09-16,2024-09-20,0,46
Remington,2.6,Wisconsin,Kamala Harris,48,800,lv,NA,2024-09-16,2024-09-20,0,46
Remington,2.6,Montana,Kamala Harris,39,800,lv,NA,2024-09-16,2024-09-20,0,46
RMG Research,2.3,NA,Kamala Harris,50,2969,lv,NA,2024-09-16,2024-09-19,1,47
Muhlenberg,2.8,Pennsylvania,Kamala Harris,48,450,lv,Live Phone,2024-09-16,2024-09-19,0,47
RMG Research,2.3,Montana,Kamala Harris,38,491,lv,Online Panel,2024-09-12,2024-09-19,0,47
University of Massachusetts Lowell/YouGov,2.9,Michigan,Kamala Harris,48,650,lv,Online Panel,2024-09-11,2024-09-19,0,47
University of Massachusetts Lowell/YouGov,2.9,Pennsylvania,Kamala Harris,48,800,lv,Online Panel,2024-09-11,2024-09-19,0,47
Mason-Dixon,2.6,Minnesota,Kamala Harris,48,800,lv,Live Phone,2024-09-16,2024-09-18,0,48
Suffolk,2.9,Michigan,Kamala Harris,47.6,500,lv,Live Phone,2024-09-16,2024-09-18,0,48
Emerson,2.9,Arizona,Kamala Harris,48.7,868,lv,IVR/Online Panel/Text-to-Web,2024-09-15,2024-09-18,0,48
Emerson,2.9,Georgia,Kamala Harris,48.2,975,lv,IVR/Online Panel/Text-to-Web,2024-09-15,2024-09-18,0,48
Emerson,2.9,Michigan,Kamala Harris,50,875,lv,IVR/Online Panel/Text-to-Web,2024-09-15,2024-09-18,0,48
Emerson,2.9,Nevada,Kamala Harris,48.8,895,lv,IVR/Online Panel/Text-to-Web,2024-09-15,2024-09-18,0,48
Emerson,2.9,Pennsylvania,Kamala Harris,49.6,880,lv,IVR/Online Panel/Text-to-Web,2024-09-15,2024-09-18,0,48
Emerson,2.9,North Carolina,Kamala Harris,49.7,1000,lv,IVR/Online Panel/Text-to-Web,2024-09-15,2024-09-18,0,48
Emerson,2.9,Wisconsin,Kamala Harris,48.7,1000,lv,IVR/Online Panel/Text-to-Web,2024-09-15,2024-09-18,0,48
MassINC Polling Group,2.8,Pennsylvania,Kamala Harris,50,800,lv,Live Phone/Text-to-Web,2024-09-12,2024-09-18,0,48
MassINC Polling Group,2.8,Pennsylvania,Kamala Harris,52,800,lv,Live Phone/Text-to-Web,2024-09-12,2024-09-18,0,48
MassINC Polling Group,2.8,Massachusetts,Kamala Harris,60,800,lv,Live Phone/Text-to-Web,2024-09-12,2024-09-18,0,48
MassINC Polling Group,2.8,Massachusetts,Kamala Harris,63,800,lv,Live Phone/Text-to-Web,2024-09-12,2024-09-18,0,48
SurveyUSA,2.8,New Mexico,Kamala Harris,50,619,lv,Online Panel,2024-09-12,2024-09-18,0,48
MassINC Polling Group,2.8,Wisconsin,Kamala Harris,51,800,lv,Live Phone/Text-to-Web,2024-09-12,2024-09-18,0,48
MassINC Polling Group,2.8,Wisconsin,Kamala Harris,53,800,lv,Live Phone/Text-to-Web,2024-09-12,2024-09-18,0,48
MassINC Polling Group,2.8,Connecticut,Kamala Harris,53,800,lv,Live Phone/Text-to-Web,2024-09-12,2024-09-18,0,48
MassINC Polling Group,2.8,Rhode Island,Kamala Harris,53,800,lv,Live Phone/Text-to-Web,2024-09-12,2024-09-18,0,48
MassINC Polling Group,2.8,Rhode Island,Kamala Harris,56,800,lv,Live Phone/Text-to-Web,2024-09-12,2024-09-18,0,48
YouGov,3,NA,Kamala Harris,49,1445,rv,Online Panel,2024-09-15,2024-09-17,1,49
Hart/POS,2.6,NA,Kamala Harris,49,1000,rv,Live Phone,2024-09-13,2024-09-17,1,49
Hart/POS,2.6,NA,Kamala Harris,47,1000,rv,Live Phone,2024-09-13,2024-09-17,1,49
Marist,2.9,Pennsylvania,Kamala Harris,49,1663,rv,Live Phone/Online Panel/Text-to-Web,2024-09-12,2024-09-17,0,49
Marist,2.9,Pennsylvania,Kamala Harris,49,1476,lv,Live Phone/Online Panel/Text-to-Web,2024-09-12,2024-09-17,0,49
Marist,2.9,Wisconsin,Kamala Harris,50,1312,rv,Live Phone/Online Panel/Text-to-Web,2024-09-12,2024-09-17,0,49
Marist,2.9,Wisconsin,Kamala Harris,50,1194,lv,Live Phone/Online Panel/Text-to-Web,2024-09-12,2024-09-17,0,49
Marist,2.9,Michigan,Kamala Harris,50,1282,rv,Live Phone/Online Panel/Text-to-Web,2024-09-12,2024-09-17,0,49
Marist,2.9,Michigan,Kamala Harris,52,1138,lv,Live Phone/Online Panel/Text-to-Web,2024-09-12,2024-09-17,0,49
Data for Progress,2.6,NA,Kamala Harris,50,6152,lv,Online Panel,2024-09-12,2024-09-17,1,49
Cygnal,2.1,North Carolina,Kamala Harris,45.3,600,lv,Live Phone/Text-to-Web,2024-09-15,2024-09-16,0,50
Angus Reid,2,NA,Kamala Harris,49,1707,rv,Online Panel,2024-09-13,2024-09-16,1,50
Beacon/Shaw,2.8,NA,Kamala Harris,50,1102,rv,Live Phone/Text-to-Web,2024-09-13,2024-09-16,1,50
Beacon/Shaw,2.8,NA,Kamala Harris,50,876,lv,Live Phone/Text-to-Web,2024-09-13,2024-09-16,1,50
Quinnipiac,2.8,Pennsylvania,Kamala Harris,51,1331,lv,Live Phone,2024-09-12,2024-09-16,0,50
Quinnipiac,2.8,Pennsylvania,Kamala Harris,51,1331,lv,Live Phone,2024-09-12,2024-09-16,0,50
Quinnipiac,2.8,Michigan,Kamala Harris,50,905,lv,Live Phone,2024-09-12,2024-09-16,0,50
Quinnipiac,2.8,Michigan,Kamala Harris,51,905,lv,Live Phone,2024-09-12,2024-09-16,0,50
Quinnipiac,2.8,Wisconsin,Kamala Harris,48,1075,lv,Live Phone,2024-09-12,2024-09-16,0,50
Quinnipiac,2.8,Wisconsin,Kamala Harris,49,1075,lv,Live Phone,2024-09-12,2024-09-16,0,50
U. New Hampshire,2.6,Rhode Island,Kamala Harris,58,683,lv,Probability Panel,2024-09-12,2024-09-16,0,50
U. New Hampshire,2.6,Massachusetts,Kamala Harris,62,564,lv,Probability Panel,2024-09-12,2024-09-16,0,50
U. New Hampshire,2.6,New Hampshire,Kamala Harris,54,1695,lv,Probability Panel,2024-09-12,2024-09-16,0,50
The Washington Post,3,Pennsylvania,Kamala Harris,48,1003,lv,Live Phone/Text-to-Web,2024-09-12,2024-09-16,0,50
The Washington Post,3,Pennsylvania,Kamala Harris,48,1003,lv,Live Phone/Text-to-Web,2024-09-12,2024-09-16,0,50
Siena/NYT,3,NA,Kamala Harris,47,2437,lv,Live Phone,2024-09-11,2024-09-16,1,50
Siena/NYT,3,NA,Kamala Harris,46,2437,rv,Live Phone,2024-09-11,2024-09-16,1,50
Siena/NYT,3,NA,Kamala Harris,45,2437,rv,Live Phone,2024-09-11,2024-09-16,1,50
Siena/NYT,3,NA,Kamala Harris,46,2437,lv,Live Phone,2024-09-11,2024-09-16,1,50
Siena,2.7,New York,Kamala Harris,52,1003,lv,Live Phone/Text-to-Web,2024-09-11,2024-09-16,0,50
Siena,2.7,New York,Kamala Harris,55,1003,lv,Live Phone/Text-to-Web,2024-09-11,2024-09-16,0,50
Siena/NYT,3,Pennsylvania,Kamala Harris,50,1082,rv,Live Phone,2024-09-11,2024-09-16,0,50
Siena/NYT,3,Pennsylvania,Kamala Harris,50,1082,lv,Live Phone,2024-09-11,2024-09-16,0,50
Siena/NYT,3,Pennsylvania,Kamala Harris,48,1082,rv,Live Phone,2024-09-11,2024-09-16,0,50
Siena/NYT,3,Pennsylvania,Kamala Harris,49,1082,lv,Live Phone,2024-09-11,2024-09-16,0,50
Noble Predictive Insights,2.4,Nevada,Kamala Harris,48,692,lv,Online Panel/Text-to-Web,2024-09-09,2024-09-16,0,50
Noble Predictive Insights,2.4,Nevada,Kamala Harris,48,812,rv,Online Panel/Text-to-Web,2024-09-09,2024-09-16,0,50
Noble Predictive Insights,2.4,Nevada,Kamala Harris,47,692,lv,Online Panel/Text-to-Web,2024-09-09,2024-09-16,0,50
Noble Predictive Insights,2.4,Nevada,Kamala Harris,46,812,rv,Online Panel/Text-to-Web,2024-09-09,2024-09-16,0,50
InsiderAdvantage,2,Pennsylvania,Kamala Harris,48.4,800,lv,Text,2024-09-14,2024-09-15,0,51
Monmouth,2.9,NA,Kamala Harris,48,803,rv,Live Phone/Text-to-Web,2024-09-11,2024-09-15,1,51
U. Georgia SPIA,2.2,Georgia,Kamala Harris,44.4,1000,lv,Live Phone,2024-09-09,2024-09-15,0,51
Pan Atlantic Research,2.1,Maine,Kamala Harris,50,812,lv,Online Panel,2024-09-05,2024-09-15,0,51
Pan Atlantic Research,2.1,Maine CD-1,Kamala Harris,58,414,lv,Online Panel,2024-09-05,2024-09-15,0,51
Pan Atlantic Research,2.1,Maine CD-2,Kamala Harris,42,398,lv,Online Panel,2024-09-05,2024-09-15,0,51
Franklin and Marshall College,2.4,Pennsylvania,Kamala Harris,49,890,rv,Mail-to-Web/Mail-to-Phone,2024-09-04,2024-09-15,0,51
Suffolk,2.9,Pennsylvania,Kamala Harris,48.6,500,lv,Live Phone,2024-09-11,2024-09-14,0,52
Data for Progress,2.6,NA,Kamala Harris,50,1283,lv,Online Panel,2024-09-12,2024-09-13,1,53
Emerson,2.9,Maryland,Kamala Harris,65.3,890,lv,Online Panel/Text-to-Web,2024-09-12,2024-09-13,0,53
Emerson,2.9,Missouri,Kamala Harris,43.4,850,lv,Online Panel/Text-to-Web,2024-09-12,2024-09-13,0,53
Emerson,2.9,Indiana,Kamala Harris,40.7,1000,lv,Online Panel/Text-to-Web,2024-09-12,2024-09-13,0,53
YouGov,3,NA,Kamala Harris,50,1177,rv,Online Panel,2024-09-11,2024-09-13,1,53
YouGov,3,NA,Kamala Harris,50,1090,lv,Online Panel,2024-09-11,2024-09-13,1,53
YouGov,3,NA,Kamala Harris,48,1175,rv,Online Panel,2024-09-11,2024-09-13,1,53
YouGov,3,NA,Kamala Harris,49,1090,lv,Online Panel,2024-09-11,2024-09-13,1,53
Ipsos,2.8,NA,Kamala Harris,51,3276,a,Probability Panel,2024-09-11,2024-09-13,1,53
Ipsos,2.8,NA,Kamala Harris,51,2772,rv,Probability Panel,2024-09-11,2024-09-13,1,53
Ipsos,2.8,NA,Kamala Harris,52,2196,lv,Probability Panel,2024-09-11,2024-09-13,1,53
Ipsos,2.8,NA,Kamala Harris,51,3276,a,Probability Panel,2024-09-11,2024-09-13,1,53
Ipsos,2.8,NA,Kamala Harris,50,2772,rv,Probability Panel,2024-09-11,2024-09-13,1,53
Ipsos,2.8,NA,Kamala Harris,51,2196,lv,Probability Panel,2024-09-11,2024-09-13,1,53
Research & Polling,2.1,New Mexico,Kamala Harris,49,532,lv,Live Phone,2024-09-06,2024-09-13,0,53
Elon U.,2.5,North Carolina,Kamala Harris,46,800,rv,Online Panel,2024-09-04,2024-09-13,0,53
InsiderAdvantage,2,Michigan,Kamala Harris,48,800,lv,Text,2024-09-11,2024-09-12,0,54
Ipsos,2.8,NA,Kamala Harris,47,1405,rv,Probability Panel,2024-09-11,2024-09-12,1,54
Ipsos,2.8,NA,Kamala Harris,43,1690,a,Probability Panel,2024-09-11,2024-09-12,1,54
St. Anselm,2.4,New Hampshire,Kamala Harris,51,2241,lv,Online Panel,2024-09-11,2024-09-12,0,54
St. Anselm,2.4,New Hampshire,Kamala Harris,51,2241,lv,Online Panel,2024-09-11,2024-09-12,0,54
InsiderAdvantage,2,Wisconsin,Kamala Harris,49,800,lv,NA,2024-09-11,2024-09-12,0,54
AtlasIntel,2.7,NA,Kamala Harris,48,1775,lv,NA,2024-09-11,2024-09-12,1,54
AtlasIntel,2.7,NA,Kamala Harris,47.3,1775,lv,NA,2024-09-11,2024-09-12,1,54
RMG Research,2.3,NA,Kamala Harris,51,2756,lv,NA,2024-09-09,2024-09-12,1,54
GQR,2,Missouri,Kamala Harris,44,645,lv,NA,2024-09-06,2024-09-12,0,54
Mitchell,2.4,Michigan,Kamala Harris,48,580,lv,IVR/Text-to-Web,2024-09-11,2024-09-11,0,55
Mitchell,2.4,Michigan,Kamala Harris,47,580,lv,IVR/Text-to-Web,2024-09-11,2024-09-11,0,55
Leger,2,NA,Kamala Harris,47,1174,lv,Online Panel,2024-09-10,2024-09-11,1,55
Selzer,2.8,Iowa,Kamala Harris,43,656,lv,Live Phone,2024-09-08,2024-09-11,0,55
YouGov,3,NA,Kamala Harris,45,1464,rv,Online Panel,2024-09-08,2024-09-10,1,56
Data Orbital,2.9,Arizona,Kamala Harris,46,550,lv,Live Phone/Text-to-Web,2024-09-07,2024-09-09,0,57
PPIC,2.5,California,Kamala Harris,60,1071,lv,Probability Panel,2024-08-29,2024-09-09,0,57
Quinnipiac,2.8,North Carolina,Kamala Harris,49,940,lv,Live Phone,2024-09-04,2024-09-08,0,58
Quinnipiac,2.8,North Carolina,Kamala Harris,50,940,lv,Live Phone,2024-09-04,2024-09-08,0,58
Quinnipiac,2.8,Georgia,Kamala Harris,45,969,lv,Live Phone,2024-09-04,2024-09-08,0,58
Quinnipiac,2.8,Georgia,Kamala Harris,46,969,lv,Live Phone,2024-09-04,2024-09-08,0,58
Washington Post/George Mason University,2.7,Virginia,Kamala Harris,50,1005,lv,Live Phone/Text-to-Web,2024-09-04,2024-09-08,0,58
Washington Post/George Mason University,2.7,Virginia,Kamala Harris,51,1005,lv,Live Phone/Text-to-Web,2024-09-04,2024-09-08,0,58
Washington Post/George Mason University,2.7,Virginia,Kamala Harris,49,1005,rv,Live Phone/Text-to-Web,2024-09-04,2024-09-08,0,58
Washington Post/George Mason University,2.7,Virginia,Kamala Harris,51,1005,rv,Live Phone/Text-to-Web,2024-09-04,2024-09-08,0,58
SurveyUSA,2.8,North Carolina,Kamala Harris,49,676,lv,Online Panel,2024-09-04,2024-09-07,0,59
YouGov,3,Michigan,Kamala Harris,50,1077,lv,Online Panel,2024-09-03,2024-09-06,0,60
YouGov,3,Pennsylvania,Kamala Harris,50,1078,lv,Online Panel,2024-09-03,2024-09-06,0,60
YouGov,3,Wisconsin,Kamala Harris,51,946,lv,Online Panel,2024-09-03,2024-09-06,0,60
Siena/NYT,3,NA,Kamala Harris,47,1695,lv,Live Phone,2024-09-03,2024-09-06,1,60
Siena/NYT,3,NA,Kamala Harris,45,1695,lv,Live Phone,2024-09-03,2024-09-06,1,60
Siena/NYT,3,NA,Kamala Harris,46,1695,rv,Live Phone,2024-09-03,2024-09-06,1,60
Siena/NYT,3,NA,Kamala Harris,44,1695,rv,Live Phone,2024-09-03,2024-09-06,1,60
Virginia Commonwealth U.,2.1,Virginia,Kamala Harris,46,813,a,Live Phone/Text-to-Web,2024-08-26,2024-09-06,0,60
Virginia Commonwealth U.,2.1,Virginia,Kamala Harris,49.4,749,rv,Live Phone/Text-to-Web,2024-08-26,2024-09-06,0,60
RMG Research,2.3,NA,Kamala Harris,50,2701,lv,NA,2024-09-03,2024-09-05,1,61
Emerson,2.9,California,Kamala Harris,60.8,815,lv,Online Panel/Text-to-Web,2024-09-03,2024-09-05,0,61
Emerson,2.9,Florida,Kamala Harris,47.6,815,lv,Online Panel/Text-to-Web,2024-09-03,2024-09-05,0,61
Emerson,2.9,Texas,Kamala Harris,48,845,lv,Online Panel/Text-to-Web,2024-09-03,2024-09-05,0,61
Emerson,2.9,Ohio,Kamala Harris,44.7,945,lv,Online Panel/Text-to-Web,2024-09-03,2024-09-05,0,61
Marist,2.9,NA,Kamala Harris,49,1413,rv,Live Phone/Online Panel/Text,2024-09-03,2024-09-05,1,61
Cygnal,2.1,NA,Kamala Harris,46.2,1510,lv,NA,2024-09-03,2024-09-05,1,61
Cygnal,2.1,NA,Kamala Harris,49,1510,lv,NA,2024-09-03,2024-09-05,1,61
Marquette Law School,3,Wisconsin,Kamala Harris,52,822,rv,Live Phone/Email,2024-08-28,2024-09-05,0,61
Marquette Law School,3,Wisconsin,Kamala Harris,52,738,lv,Live Phone/Email,2024-08-28,2024-09-05,0,61
Marquette Law School,3,Wisconsin,Kamala Harris,47,822,rv,Live Phone/Email,2024-08-28,2024-09-05,0,61
Marquette Law School,3,Wisconsin,Kamala Harris,48,738,lv,Live Phone/Email,2024-08-28,2024-09-05,0,61
Emerson,2.9,NA,Kamala Harris,51.3,1000,lv,IVR/Online Panel/Text-to-Web,2024-09-03,2024-09-04,1,62
SurveyMonkey,2,NA,Kamala Harris,44,18123,rv,Online Panel,2024-08-26,2024-09-04,1,62
SurveyMonkey,2,NA,Kamala Harris,39,20762,a,Online Panel,2024-08-26,2024-09-04,1,62
Kaiser Family Foundation,2.5,NA,Kamala Harris,48,1084,rv,Live Phone/Probability Panel,2024-08-26,2024-09-04,1,62
YouGov,3,NA,Kamala Harris,47,1389,rv,Online Panel,2024-09-01,2024-09-03,1,63
Pew,2.5,NA,Kamala Harris,49,8044,rv,Probability Panel,2024-08-26,2024-09-02,1,64
Cygnal,2.1,Alaska,Kamala Harris,43.1,400,lv,Live Phone/Text-to-Web,2024-08-30,2024-09-01,0,65
Cygnal,2.1,Michigan,Kamala Harris,47,600,lv,NA,2024-08-28,2024-09-01,0,65
InsiderAdvantage,2,Nevada,Kamala Harris,46.5,800,lv,NA,2024-08-29,2024-08-31,0,66
InsiderAdvantage,2,Arizona,Kamala Harris,48.4,800,lv,NA,2024-08-29,2024-08-31,0,66
InsiderAdvantage,2,North Carolina,Kamala Harris,48.4,800,lv,NA,2024-08-29,2024-08-31,0,66
InsiderAdvantage,2,Georgia,Kamala Harris,48.3,800,lv,NA,2024-08-29,2024-08-31,0,66
YouGov,3,Texas,Kamala Harris,44,1200,rv,Online Panel,2024-08-23,2024-08-31,0,66
YouGov,3,Texas,Kamala Harris,44,1200,rv,Online Panel,2024-08-23,2024-08-31,0,66
SurveyUSA,2.8,Minnesota,Kamala Harris,48,635,lv,Online Panel,2024-08-27,2024-08-29,0,68
CNN/SSRS,2.8,Arizona,Kamala Harris,44,682,lv,Probability Panel,2024-08-23,2024-08-29,0,68
CNN/SSRS,2.8,Georgia,Kamala Harris,48,617,lv,Probability Panel,2024-08-23,2024-08-29,0,68
CNN/SSRS,2.8,Michigan,Kamala Harris,48,708,lv,Probability Panel,2024-08-23,2024-08-29,0,68
CNN/SSRS,2.8,Nevada,Kamala Harris,48,626,lv,Probability Panel,2024-08-23,2024-08-29,0,68
CNN/SSRS,2.8,Pennsylvania,Kamala Harris,47,789,lv,Probability Panel,2024-08-23,2024-08-29,0,68
CNN/SSRS,2.8,Wisconsin,Kamala Harris,50,976,lv,Probability Panel,2024-08-23,2024-08-29,0,68
RMG Research,2.3,NA,Kamala Harris,51,2441,lv,Online Panel,2024-08-26,2024-08-28,1,69
East Carolina University,2.6,North Carolina,Kamala Harris,46.9,920,lv,IVR/Text-to-Web,2024-08-26,2024-08-28,0,69
Emerson,2.9,Arizona,Kamala Harris,47.5,720,lv,IVR/Online Panel/Text-to-Web,2024-08-25,2024-08-28,0,69
Emerson,2.9,Michigan,Kamala Harris,51.2,800,lv,IVR/Online Panel/Text-to-Web,2024-08-25,2024-08-28,0,69
Emerson,2.9,Nevada,Kamala Harris,49.4,1168,lv,IVR/Online Panel/Text-to-Web,2024-08-25,2024-08-28,0,69
Emerson,2.9,Pennsylvania,Kamala Harris,49.4,950,lv,IVR/Online Panel/Text-to-Web,2024-08-25,2024-08-28,0,69
Emerson,2.9,Wisconsin,Kamala Harris,49.1,850,lv,IVR/Online Panel/Text-to-Web,2024-08-25,2024-08-28,0,69
Emerson,2.9,North Carolina,Kamala Harris,49,775,lv,IVR/Online Panel/Text-to-Web,2024-08-25,2024-08-28,0,69
Emerson,2.9,Georgia,Kamala Harris,50.1,800,lv,IVR/Online Panel/Text-to-Web,2024-08-25,2024-08-28,0,69
Suffolk,2.9,NA,Kamala Harris,47.6,1000,lv,Live Phone,2024-08-25,2024-08-28,1,69
Ipsos,2.8,NA,Kamala Harris,44,3562,rv,Probability Panel,2024-08-21,2024-08-28,1,69
Ipsos,2.8,NA,Kamala Harris,41,4253,a,Probability Panel,2024-08-21,2024-08-28,1,69
Ipsos,2.8,NA,Kamala Harris,45,3562,rv,Probability Panel,2024-08-21,2024-08-28,1,69
Ipsos,2.8,NA,Kamala Harris,40,4253,a,Probability Panel,2024-08-21,2024-08-28,1,69
YouGov,3,NA,Kamala Harris,47,1368,rv,Online Panel,2024-08-25,2024-08-27,1,70
Quinnipiac,2.8,NA,Kamala Harris,49,1611,lv,Live Phone,2024-08-23,2024-08-27,1,70
Quinnipiac,2.8,NA,Kamala Harris,49,1611,lv,Live Phone,2024-08-23,2024-08-27,1,70
Ipsos,2.8,NA,Kamala Harris,50,2496,a,Probability Panel,2024-08-23,2024-08-27,1,70
Ipsos,2.8,NA,Kamala Harris,49,2496,a,Probability Panel,2024-08-23,2024-08-27,1,70
SurveyUSA,2.8,Nebraska,Kamala Harris,37,1293,rv,IVR/Online Panel/Text-to-Web,2024-08-23,2024-08-27,0,70
SurveyUSA,2.8,Nebraska CD-2,Kamala Harris,47,507,rv,IVR/Online Panel/Text-to-Web,2024-08-23,2024-08-27,0,70
Beacon/Shaw,2.8,Arizona,Kamala Harris,48,1014,rv,Live Phone/Text-to-Web,2024-08-23,2024-08-26,0,71
Beacon/Shaw,2.8,Arizona,Kamala Harris,50,1014,rv,Live Phone/Text-to-Web,2024-08-23,2024-08-26,0,71
Beacon/Shaw,2.8,Georgia,Kamala Harris,48,1014,rv,Live Phone/Text-to-Web,2024-08-23,2024-08-26,0,71
Beacon/Shaw,2.8,Georgia,Kamala Harris,50,1014,rv,Live Phone/Text-to-Web,2024-08-23,2024-08-26,0,71
Beacon/Shaw,2.8,Nevada,Kamala Harris,48,1026,rv,Live Phone/Text-to-Web,2024-08-23,2024-08-26,0,71
Beacon/Shaw,2.8,Nevada,Kamala Harris,50,1026,rv,Live Phone/Text-to-Web,2024-08-23,2024-08-26,0,71
Beacon/Shaw,2.8,North Carolina,Kamala Harris,47,999,rv,Live Phone/Text-to-Web,2024-08-23,2024-08-26,0,71
Beacon/Shaw,2.8,North Carolina,Kamala Harris,49,999,rv,Live Phone/Text-to-Web,2024-08-23,2024-08-26,0,71
YouGov,3,NA,Kamala Harris,46,1194,rv,Online Panel,2024-08-22,2024-08-26,1,71
YouGov,3,NA,Kamala Harris,47,1197,rv,Online Panel,2024-08-22,2024-08-26,1,71
YouGov,3,NA,Kamala Harris,39,1788,a,Online Panel,2024-08-22,2024-08-26,1,71
YouGov,3,NA,Kamala Harris,44,1200,rv,Online Panel,2024-08-22,2024-08-26,1,71
Echelon Insights,2.7,NA,Kamala Harris,48,1031,lv,Online Panel,2024-08-23,2024-08-25,1,72
Echelon Insights,2.7,NA,Kamala Harris,47,1031,lv,Online Panel,2024-08-23,2024-08-25,1,72
Echelon Insights,2.7,NA,Kamala Harris,48,1031,lv,Online Panel,2024-08-23,2024-08-25,1,72
Leger,2,NA,Kamala Harris,50,908,a,Online Panel,2024-08-23,2024-08-25,1,72
Leger,2,NA,Kamala Harris,50,863,lv,Online Panel,2024-08-23,2024-08-25,1,72
Kaplan Strategies,2,NA,Kamala Harris,50,1257,rv,NA,2024-08-24,2024-08-24,1,73
Kaplan Strategies,2,NA,Kamala Harris,52,1190,lv,NA,2024-08-24,2024-08-24,1,73
Angus Reid,2,NA,Kamala Harris,45,1758,rv,Online Panel,2024-08-19,2024-08-23,1,74
Angus Reid,2,NA,Kamala Harris,47,1758,rv,Online Panel,2024-08-19,2024-08-23,1,74
YouGov,3,Pennsylvania,Kamala Harris,43,500,a,Online Panel,2024-08-15,2024-08-23,0,74
YouGov,3,Pennsylvania,Kamala Harris,43,500,a,Online Panel,2024-08-15,2024-08-23,0,74
YouGov,3,Wisconsin,Kamala Harris,48,500,a,Online Panel,2024-08-15,2024-08-23,0,74
YouGov,3,Wisconsin,Kamala Harris,45,500,a,Online Panel,2024-08-15,2024-08-23,0,74
YouGov,3,Michigan,Kamala Harris,44,500,a,Online Panel,2024-08-15,2024-08-23,0,74
YouGov,3,Michigan,Kamala Harris,44,500,a,Online Panel,2024-08-15,2024-08-23,0,74
Emerson,2.9,New Mexico,Kamala Harris,53.6,965,rv,IVR/Online Panel/Text-to-Web,2024-08-20,2024-08-22,0,75
Emerson,2.9,New Mexico,Kamala Harris,51,965,rv,IVR/Online Panel/Text-to-Web,2024-08-20,2024-08-22,0,75
RMG Research,2.3,NA,Kamala Harris,49,2404,lv,Online Panel,2024-08-19,2024-08-22,1,75
RMG Research,2.3,NA,Kamala Harris,48,2404,lv,Online Panel,2024-08-19,2024-08-22,1,75
YouGov,3,NA,Kamala Harris,44,1835,a,Online Panel,2024-08-15,2024-08-22,1,75
SurveyUSA/High Point University,2.8,North Carolina,Kamala Harris,46,1053,rv,Online Panel,2024-08-19,2024-08-21,0,76
SurveyUSA/High Point University,2.8,North Carolina,Kamala Harris,47,941,lv,Online Panel,2024-08-19,2024-08-21,0,76
YouGov,3,NA,Kamala Harris,46,1371,rv,Online Panel,2024-08-17,2024-08-20,1,77
Fairleigh Dickinson,2.6,NA,Kamala Harris,50,801,rv,Live Phone/Text-to-Web,2024-08-17,2024-08-20,1,77
InsiderAdvantage,2,Pennsylvania,Kamala Harris,46,800,lv,NA,2024-08-18,2024-08-19,0,78
U. New Hampshire,2.6,New Hampshire,Kamala Harris,50,2048,lv,Probability Panel,2024-08-15,2024-08-19,0,78
U. New Hampshire,2.6,New Hampshire,Kamala Harris,52,2048,lv,Probability Panel,2024-08-15,2024-08-19,0,78
U. New Hampshire,2.6,Vermont,Kamala Harris,67,924,lv,Probability Panel,2024-08-15,2024-08-19,0,78
U. New Hampshire,2.6,Vermont,Kamala Harris,70,924,lv,Probability Panel,2024-08-15,2024-08-19,0,78
U. New Hampshire,2.6,Maine,Kamala Harris,55,951,lv,Probability Panel,2024-08-15,2024-08-19,0,78
U. New Hampshire,2.6,Maine,Kamala Harris,58,951,lv,Probability Panel,2024-08-15,2024-08-19,0,78
U. New Hampshire,2.6,Maine CD-1,Kamala Harris,62,490,lv,Probability Panel,2024-08-15,2024-08-19,0,78
U. New Hampshire,2.6,Maine CD-1,Kamala Harris,64,476,lv,Probability Panel,2024-08-15,2024-08-19,0,78
U. New Hampshire,2.6,Maine CD-2,Kamala Harris,49,443,lv,Probability Panel,2024-08-15,2024-08-19,0,78
U. New Hampshire,2.6,Maine CD-2,Kamala Harris,52,432,lv,Probability Panel,2024-08-15,2024-08-19,0,78
Remington,2.6,Nebraska CD-2,Kamala Harris,50,656,lv,IVR,2024-08-14,2024-08-17,0,80
YouGov,3,NA,Kamala Harris,51,3253,lv,Online Panel,2024-08-14,2024-08-16,1,81
YouGov,3,NA,Kamala Harris,49,3253,lv,Online Panel,2024-08-14,2024-08-16,1,81
Roanoke College,2.6,Virginia,Kamala Harris,47,691,lv,Live Phone/Online Panel,2024-08-12,2024-08-16,0,81
Roanoke College,2.6,Virginia,Kamala Harris,45,691,lv,Live Phone/Online Panel,2024-08-12,2024-08-16,0,81
Noble Predictive Insights,2.4,Arizona,Kamala Harris,44,1003,rv,Online Panel,2024-08-12,2024-08-16,0,81
Noble Predictive Insights,2.4,Arizona,Kamala Harris,43,1003,rv,Online Panel,2024-08-12,2024-08-16,0,81
YouGov,3,Missouri,Kamala Harris,41,900,lv,Online Panel,2024-08-08,2024-08-16,0,81
University of Houston/Texas Southern University,2.2,Texas,Kamala Harris,44.6,1365,lv,Online Panel,2024-08-05,2024-08-16,0,81
Cygnal,2.1,Pennsylvania,Kamala Harris,47.8,800,lv,NA,2024-08-14,2024-08-15,0,82
Cygnal,2.1,Pennsylvania,Kamala Harris,43.4,800,lv,NA,2024-08-14,2024-08-15,0,82
Siena/NYT,3,Nevada,Kamala Harris,46,677,rv,Live Phone,2024-08-12,2024-08-15,0,82
Siena/NYT,3,Nevada,Kamala Harris,47,677,lv,Live Phone,2024-08-12,2024-08-15,0,82
Siena/NYT,3,Nevada,Kamala Harris,42,677,rv,Live Phone,2024-08-12,2024-08-15,0,82
Siena/NYT,3,Nevada,Kamala Harris,44,677,lv,Live Phone,2024-08-12,2024-08-15,0,82
Siena/NYT,3,Arizona,Kamala Harris,49,677,rv,Live Phone,2024-08-08,2024-08-15,0,82
Siena/NYT,3,Arizona,Kamala Harris,50,677,lv,Live Phone,2024-08-08,2024-08-15,0,82
Siena/NYT,3,Arizona,Kamala Harris,45,677,rv,Live Phone,2024-08-08,2024-08-15,0,82
Siena/NYT,3,Arizona,Kamala Harris,47,677,lv,Live Phone,2024-08-08,2024-08-15,0,82
Data for Progress,2.6,NA,Kamala Harris,49,6067,lv,NA,2024-08-01,2024-08-15,1,82
Data for Progress,2.6,NA,Kamala Harris,47,6067,lv,NA,2024-08-01,2024-08-15,1,82
St. Anselm,2.4,New Hampshire,Kamala Harris,51,1656,rv,Online Panel,2024-08-13,2024-08-14,0,83
Emerson,2.9,Pennsylvania,Kamala Harris,49.3,1000,lv,IVR/Online Panel/Text-to-Web,2024-08-13,2024-08-14,0,83
Emerson,2.9,Pennsylvania,Kamala Harris,46.8,1000,lv,IVR/Online Panel/Text-to-Web,2024-08-13,2024-08-14,0,83
Emerson,2.9,NA,Kamala Harris,52.3,1000,lv,IVR/Online Panel/Text-to-Web,2024-08-12,2024-08-14,1,83
Emerson,2.9,NA,Kamala Harris,48.3,1000,lv,IVR/Online Panel/Text-to-Web,2024-08-12,2024-08-14,1,83
RMG Research,2.3,NA,Kamala Harris,47,2708,lv,Online Panel,2024-08-12,2024-08-14,1,83
RMG Research,2.3,NA,Kamala Harris,45,2708,lv,Online Panel,2024-08-12,2024-08-14,1,83
Siena/NYT,3,North Carolina,Kamala Harris,49,655,rv,Live Phone,2024-08-09,2024-08-14,0,83
Siena/NYT,3,North Carolina,Kamala Harris,49,655,lv,Live Phone,2024-08-09,2024-08-14,0,83
Siena/NYT,3,North Carolina,Kamala Harris,45,655,rv,Live Phone,2024-08-09,2024-08-14,0,83
Siena/NYT,3,North Carolina,Kamala Harris,46,655,lv,Live Phone,2024-08-09,2024-08-14,0,83
Siena/NYT,3,Georgia,Kamala Harris,44,661,rv,Live Phone,2024-08-09,2024-08-14,0,83
Siena/NYT,3,Georgia,Kamala Harris,46,661,lv,Live Phone,2024-08-09,2024-08-14,0,83
Siena/NYT,3,Georgia,Kamala Harris,41,661,rv,Live Phone,2024-08-09,2024-08-14,0,83
Siena/NYT,3,Georgia,Kamala Harris,44,661,lv,Live Phone,2024-08-09,2024-08-14,0,83
RMG Research,2.3,Montana,Kamala Harris,39,540,rv,Online Panel,2024-08-06,2024-08-14,0,83
YouGov,3,NA,Kamala Harris,46,1407,rv,Online Panel,2024-08-11,2024-08-13,1,84
Ipsos,2.8,NA,Kamala Harris,50,2336,a,Probability Panel,2024-08-09,2024-08-13,1,84
Ipsos,2.8,NA,Kamala Harris,49,1975,rv,Probability Panel,2024-08-09,2024-08-13,1,84
Ipsos,2.8,NA,Kamala Harris,51,1505,lv,Probability Panel,2024-08-09,2024-08-13,1,84
Ipsos,2.8,NA,Kamala Harris,47,2336,a,Probability Panel,2024-08-09,2024-08-13,1,84
Ipsos,2.8,NA,Kamala Harris,47,1975,rv,Probability Panel,2024-08-09,2024-08-13,1,84
Beacon/Shaw,2.8,NA,Kamala Harris,45,1105,rv,Live Phone,2024-08-09,2024-08-12,1,85
Beacon/Shaw,2.8,NA,Kamala Harris,49,1105,rv,Live Phone,2024-08-09,2024-08-12,1,85
Quinnipiac,2.8,Pennsylvania,Kamala Harris,48,1738,lv,Live Phone,2024-08-08,2024-08-12,0,85
Quinnipiac,2.8,Pennsylvania,Kamala Harris,50,1738,lv,Live Phone,2024-08-08,2024-08-12,0,85
Suffolk,2.9,Florida,Kamala Harris,41.8,500,lv,Live Phone,2024-08-07,2024-08-11,0,86
Pew,2.5,NA,Kamala Harris,46,7569,rv,Probability Panel,2024-08-05,2024-08-11,1,86
UC Berkeley,2.5,California,Kamala Harris,59,3765,lv,NA,2024-07-31,2024-08-11,0,86
Franklin and Marshall College,2.4,Pennsylvania,Kamala Harris,46,920,rv,Mail-to-Web/Mail-to-Phone,2024-07-21,2024-08-11,0,86
Siena/NYT,3,Pennsylvania,Kamala Harris,49,693,rv,Live Phone,2024-08-06,2024-08-09,0,88
Siena/NYT,3,Pennsylvania,Kamala Harris,50,693,lv,Live Phone,2024-08-06,2024-08-09,0,88
Siena/NYT,3,Pennsylvania,Kamala Harris,45,693,rv,Live Phone,2024-08-06,2024-08-09,0,88
Siena/NYT,3,Pennsylvania,Kamala Harris,46,693,lv,Live Phone,2024-08-06,2024-08-09,0,88
YouGov Blue,3,North Carolina,Kamala Harris,46,802,rv,Online Panel,2024-08-05,2024-08-09,0,88
InsiderAdvantage,2,Michigan,Kamala Harris,49,800,lv,NA,2024-08-06,2024-08-08,0,89
Cygnal,2.1,NA,Kamala Harris,47.6,1500,lv,NA,2024-08-06,2024-08-08,1,89
Cygnal,2.1,NA,Kamala Harris,44.2,1500,lv,NA,2024-08-06,2024-08-08,1,89
Siena/NYT,3,Michigan,Kamala Harris,45,619,rv,Live Phone,2024-08-05,2024-08-08,0,89
Siena/NYT,3,Michigan,Kamala Harris,50,619,lv,Live Phone,2024-08-05,2024-08-08,0,89
Siena/NYT,3,Michigan,Kamala Harris,44,619,rv,Live Phone,2024-08-05,2024-08-08,0,89
Siena/NYT,3,Michigan,Kamala Harris,48,619,lv,Live Phone,2024-08-05,2024-08-08,0,89
Siena/NYT,3,Wisconsin,Kamala Harris,50,661,rv,Live Phone,2024-08-05,2024-08-08,0,89
Siena/NYT,3,Wisconsin,Kamala Harris,50,661,lv,Live Phone,2024-08-05,2024-08-08,0,89
Siena/NYT,3,Wisconsin,Kamala Harris,49,661,rv,Live Phone,2024-08-05,2024-08-08,0,89
Siena/NYT,3,Wisconsin,Kamala Harris,49,661,lv,Live Phone,2024-08-05,2024-08-08,0,89
InsiderAdvantage,2,Wisconsin,Kamala Harris,48.3,800,lv,NA,2024-08-06,2024-08-07,0,90
RMG Research,2.3,NA,Kamala Harris,47,2000,rv,Online Panel,2024-08-05,2024-08-07,1,90
Ipsos,2.8,NA,Kamala Harris,42,1342,rv,Probability Panel,2024-08-02,2024-08-07,1,90
Ipsos,2.8,NA,Kamala Harris,49,1342,rv,Probability Panel,2024-08-02,2024-08-07,1,90
Emerson,2.9,Montana,Kamala Harris,42.5,1000,lv,Online Panel/Text-to-Web,2024-08-05,2024-08-06,0,91
Emerson,2.9,Montana,Kamala Harris,39,1000,lv,Online Panel/Text-to-Web,2024-08-05,2024-08-06,0,91
YouGov,3,NA,Kamala Harris,45,1413,rv,Online Panel,2024-08-04,2024-08-06,1,91
Cygnal,2.1,North Carolina,Kamala Harris,44.1,600,lv,NA,2024-08-04,2024-08-05,0,92
SurveyUSA,2.8,NA,Kamala Harris,48,1510,lv,Online Panel,2024-08-02,2024-08-05,1,92
RMG Research,2.3,Wisconsin,Kamala Harris,48,800,rv,NA,2024-07-31,2024-08-05,0,92
Marist,2.9,NA,Kamala Harris,51,1513,rv,Live Phone/Online Panel/Text-to-Web,2024-08-01,2024-08-04,1,93
Marist,2.9,NA,Kamala Harris,48,1513,rv,Live Phone/Online Panel/Text-to-Web,2024-08-01,2024-08-04,1,93
Hart/POS,2.6,NA,Kamala Harris,46,1001,rv,Live Phone,2024-07-31,2024-08-04,1,93
YouGov,3,NA,Kamala Harris,50,3092,lv,Online Panel,2024-07-30,2024-08-02,1,95
YouGov,3,NA,Kamala Harris,49,3092,lv,Online Panel,2024-07-30,2024-08-02,1,95
UMass Amherst/YouGov,2.4,NA,Kamala Harris,46,1000,rv,Online Panel,2024-07-29,2024-08-01,1,96
Siena,2.7,New York,Kamala Harris,53,1199,lv,Live Phone,2024-07-28,2024-08-01,0,96
Siena,2.7,New York,Kamala Harris,49,1199,lv,Live Phone,2024-07-28,2024-08-01,0,96
Marquette Law School,3,Wisconsin,Kamala Harris,49,877,rv,Live Phone/Email,2024-07-24,2024-08-01,0,96
Marquette Law School,3,Wisconsin,Kamala Harris,50,801,lv,Live Phone/Email,2024-07-24,2024-08-01,0,96
Marquette Law School,3,Wisconsin,Kamala Harris,45,877,rv,Live Phone/Email,2024-07-24,2024-08-01,0,96
Marquette Law School,3,Wisconsin,Kamala Harris,46,801,lv,Live Phone/Email,2024-07-24,2024-08-01,0,96
Marquette Law School,3,NA,Kamala Harris,52,879,rv,Probability Panel,2024-07-24,2024-08-01,1,96
Marquette Law School,3,NA,Kamala Harris,53,683,lv,Probability Panel,2024-07-24,2024-08-01,1,96
Marquette Law School,3,NA,Kamala Harris,47,879,rv,Probability Panel,2024-07-24,2024-08-01,1,96
Marquette Law School,3,NA,Kamala Harris,50,683,lv,Probability Panel,2024-07-24,2024-08-01,1,96
RMG Research,2.3,NA,Kamala Harris,47,3000,rv,NA,2024-07-29,2024-07-31,1,97
YouGov,3,NA,Kamala Harris,46,1434,rv,Online Panel,2024-07-27,2024-07-30,1,98
Civiqs,2.4,NA,Kamala Harris,49,1123,rv,Online Panel,2024-07-27,2024-07-30,1,98
GQR,2,Pennsylvania,Kamala Harris,50,500,lv,Live Phone,2024-07-26,2024-07-30,0,98
Ipsos,2.8,NA,Kamala Harris,43,876,rv,Probability Panel,2024-07-26,2024-07-28,1,100
Emerson,2.9,New Hampshire,Kamala Harris,52.4,1000,rv,Online Panel/Text-to-Web,2024-07-26,2024-07-28,0,100
Emerson,2.9,New Hampshire,Kamala Harris,47.7,1000,rv,Online Panel/Text-to-Web,2024-07-26,2024-07-28,0,100
Leger,2,NA,Kamala Harris,48,786,lv,Online Panel,2024-07-26,2024-07-28,1,100
Susquehanna,2.3,Pennsylvania,Kamala Harris,47,600,lv,NA,2024-07-22,2024-07-28,0,100
U. North Florida,2.8,Florida,Kamala Harris,42,774,lv,Live Phone/Text-to-Web,2024-07-24,2024-07-27,0,101
St. Anselm,2.4,New Hampshire,Kamala Harris,50,2083,rv,Online Panel,2024-07-24,2024-07-25,0,103
Ipsos,2.8,NA,Kamala Harris,38,1238,a,Probability Panel,2024-07-24,2024-07-25,1,103
U. New Hampshire,2.6,Maine,Kamala Harris,48,1445,lv,Online Panel/Text-to-Web,2024-07-23,2024-07-25,0,103
U. New Hampshire,2.6,Maine,Kamala Harris,54,1445,lv,Online Panel/Text-to-Web,2024-07-23,2024-07-25,0,103
U. New Hampshire,2.6,New Hampshire,Kamala Harris,49,2875,lv,Online Panel/Text-to-Web,2024-07-23,2024-07-25,0,103
U. New Hampshire,2.6,New Hampshire,Kamala Harris,53,2875,lv,Online Panel/Text-to-Web,2024-07-23,2024-07-25,0,103
SurveyUSA,2.8,Minnesota,Kamala Harris,50,656,lv,Online Panel,2024-07-23,2024-07-25,0,103
AtlasIntel,2.7,NA,Kamala Harris,48,1980,rv,Online Ad,2024-07-23,2024-07-25,1,103
AtlasIntel,2.7,NA,Kamala Harris,46.1,1980,rv,Online Ad,2024-07-23,2024-07-25,1,103
Angus Reid,2,NA,Kamala Harris,44,1743,rv,Online Panel,2024-07-23,2024-07-25,1,103
U. New Hampshire,2.6,Maine CD-1,Kamala Harris,56,732,lv,Online Panel/Text-to-Web,2024-07-23,2024-07-25,0,103
U. New Hampshire,2.6,Maine CD-1,Kamala Harris,60,732,lv,Online Panel/Text-to-Web,2024-07-23,2024-07-25,0,103
U. New Hampshire,2.6,Maine CD-2,Kamala Harris,40,701,lv,Online Panel/Text-to-Web,2024-07-23,2024-07-25,0,103
U. New Hampshire,2.6,Maine CD-2,Kamala Harris,49,701,lv,Online Panel/Text-to-Web,2024-07-23,2024-07-25,0,103
Siena/NYT,3,NA,Kamala Harris,46,1142,rv,Live Phone,2024-07-22,2024-07-24,1,104
Siena/NYT,3,NA,Kamala Harris,47,1142,lv,Live Phone,2024-07-22,2024-07-24,1,104
Siena/NYT,3,NA,Kamala Harris,42,1142,rv,Live Phone,2024-07-22,2024-07-24,1,104
Siena/NYT,3,NA,Kamala Harris,44,1142,lv,Live Phone,2024-07-22,2024-07-24,1,104
SurveyMonkey,2,NA,Kamala Harris,38,5265,a,Online Panel,2024-07-22,2024-07-24,1,104
Beacon/Shaw,2.8,Wisconsin,Kamala Harris,46,1046,rv,Live Phone/Text-to-Web,2024-07-22,2024-07-24,0,104
Beacon/Shaw,2.8,Wisconsin,Kamala Harris,49,1046,rv,Live Phone/Text-to-Web,2024-07-22,2024-07-24,0,104
Beacon/Shaw,2.8,Pennsylvania,Kamala Harris,45,1034,rv,Live Phone/Text-to-Web,2024-07-22,2024-07-24,0,104
Beacon/Shaw,2.8,Pennsylvania,Kamala Harris,49,1034,rv,Live Phone/Text-to-Web,2024-07-22,2024-07-24,0,104
Beacon/Shaw,2.8,Minnesota,Kamala Harris,47,1071,rv,Live Phone/Text-to-Web,2024-07-22,2024-07-24,0,104
Beacon/Shaw,2.8,Minnesota,Kamala Harris,52,1071,rv,Live Phone/Text-to-Web,2024-07-22,2024-07-24,0,104
Beacon/Shaw,2.8,Michigan,Kamala Harris,43,1012,rv,Live Phone/Text-to-Web,2024-07-22,2024-07-24,0,104
Beacon/Shaw,2.8,Michigan,Kamala Harris,49,1012,rv,Live Phone/Text-to-Web,2024-07-22,2024-07-24,0,104
Ipsos,2.8,NA,Kamala Harris,39,1241,a,Probability Panel,2024-07-22,2024-07-23,1,105
Ipsos,2.8,NA,Kamala Harris,44,1018,rv,Probability Panel,2024-07-22,2024-07-23,1,105
Ipsos,2.8,NA,Kamala Harris,37,1241,a,Probability Panel,2024-07-22,2024-07-23,1,105
Ipsos,2.8,NA,Kamala Harris,42,1018,rv,Probability Panel,2024-07-22,2024-07-23,1,105
RMG Research,2.3,NA,Kamala Harris,46,2000,rv,NA,2024-07-22,2024-07-23,1,105
Emerson,2.9,Arizona,Kamala Harris,47.4,800,rv,IVR/Online Panel/Text-to-Web,2024-07-22,2024-07-23,0,105
Emerson,2.9,Arizona,Kamala Harris,39.8,800,rv,IVR/Online Panel/Text-to-Web,2024-07-22,2024-07-23,0,105
Emerson,2.9,Georgia,Kamala Harris,48.9,800,rv,IVR/Online Panel/Text-to-Web,2024-07-22,2024-07-23,0,105
Emerson,2.9,Georgia,Kamala Harris,43.3,800,rv,IVR/Online Panel/Text-to-Web,2024-07-22,2024-07-23,0,105
Emerson,2.9,Michigan,Kamala Harris,49.1,800,rv,IVR/Online Panel/Text-to-Web,2024-07-22,2024-07-23,0,105
Emerson,2.9,Michigan,Kamala Harris,43.8,800,rv,IVR/Online Panel/Text-to-Web,2024-07-22,2024-07-23,0,105
Emerson,2.9,Wisconsin,Kamala Harris,50.6,845,rv,IVR/Online Panel/Text-to-Web,2024-07-22,2024-07-23,0,105
Emerson,2.9,Wisconsin,Kamala Harris,45.4,845,rv,IVR/Online Panel/Text-to-Web,2024-07-22,2024-07-23,0,105
Emerson,2.9,Pennsylvania,Kamala Harris,48.9,850,rv,IVR/Online Panel/Text-to-Web,2024-07-22,2024-07-23,0,105
Emerson,2.9,Pennsylvania,Kamala Harris,44.3,850,rv,IVR/Online Panel/Text-to-Web,2024-07-22,2024-07-23,0,105
YouGov,3,NA,Kamala Harris,44,1155,lv,Online Panel,2024-07-22,2024-07-23,1,105
YouGov,3,NA,Kamala Harris,41,1435,rv,Online Panel,2024-07-21,2024-07-23,1,105
Marist,2.9,NA,Kamala Harris,45,1117,rv,Online Panel,2024-07-22,2024-07-22,1,106
Marist,2.9,NA,Kamala Harris,42,1117,rv,Online Panel,2024-07-22,2024-07-22,1,106
Landmark Communications,2.1,Georgia,Kamala Harris,46.7,400,lv,NA,2024-07-22,2024-07-22,0,106
Landmark Communications,2.1,Georgia,Kamala Harris,44.3,400,lv,NA,2024-07-22,2024-07-22,0,106
YouGov,3,NA,Kamala Harris,41,1178,rv,Online Panel,2024-07-19,2024-07-22,1,106
YouGov,3,NA,Kamala Harris,46,1178,rv,Online Panel,2024-07-19,2024-07-22,1,106
Praecones Analytica,2,New Hampshire,Kamala Harris,39.3,601,rv,NA,2024-07-19,2024-07-21,0,107
Echelon Insights,2.7,NA,Kamala Harris,47,982,lv,Online Panel,2024-07-19,2024-07-21,1,107
Quinnipiac,2.8,NA,Kamala Harris,47,1257,rv,Live Phone,2024-07-19,2024-07-21,1,107
Quinnipiac,2.8,NA,Kamala Harris,41,1257,rv,Live Phone,2024-07-19,2024-07-21,1,107
YouGov,3,NA,Kamala Harris,48,2240,lv,Online Panel,2024-07-16,2024-07-18,1,110
U. Georgia SPIA,2.2,Georgia,Kamala Harris,45.9,1000,lv,Live Phone,2024-07-09,2024-07-18,0,110
DHM Research,2.1,Washington,Kamala Harris,45,500,rv,Online Panel,2024-07-12,2024-07-17,0,111
InsiderAdvantage,2,Georgia,Kamala Harris,36.7,800,lv,NA,2024-07-15,2024-07-16,0,112
Ipsos,2.8,NA,Kamala Harris,39,1202,a,Probability Panel,2024-07-15,2024-07-16,1,112
Ipsos,2.8,NA,Kamala Harris,44,992,rv,Probability Panel,2024-07-15,2024-07-16,1,112
InsiderAdvantage,2,Florida,Kamala Harris,39,800,lv,NA,2024-07-15,2024-07-16,0,112
InsiderAdvantage,2,Pennsylvania,Kamala Harris,40,800,lv,NA,2024-07-15,2024-07-16,0,112
InsiderAdvantage,2,Nevada,Kamala Harris,40,800,lv,NA,2024-07-15,2024-07-16,0,112
InsiderAdvantage,2,Arizona,Kamala Harris,42,800,lv,NA,2024-07-15,2024-07-16,0,112
YouGov,3,NA,Kamala Harris,39,1404,rv,Online Panel,2024-07-13,2024-07-16,1,112
Civiqs,2.4,Pennsylvania,Kamala Harris,44,536,rv,Online Panel/Online Ad,2024-07-13,2024-07-16,0,112
Civiqs,2.4,Wisconsin,Kamala Harris,48,514,rv,Online Panel/Online Ad,2024-07-13,2024-07-16,0,112
Civiqs,2.4,Michigan,Kamala Harris,46,532,rv,Online Panel/Online Ad,2024-07-13,2024-07-16,0,112
Emerson,2.9,Virginia,Kamala Harris,44.5,1000,rv,IVR/Online Panel/Text-to-Web,2024-07-14,2024-07-15,0,113
SurveyUSA,2.8,NA,Kamala Harris,42,1098,lv,Online Panel,2024-07-12,2024-07-15,1,113
SurveyUSA,2.8,Washington,Kamala Harris,51,708,lv,Online Panel,2024-07-10,2024-07-13,0,115
Siena/NYT,3,Virginia,Kamala Harris,48,661,rv,Live Phone,2024-07-09,2024-07-12,0,116
Siena/NYT,3,Virginia,Kamala Harris,49,661,lv,Live Phone,2024-07-09,2024-07-12,0,116
Siena/NYT,3,Virginia,Kamala Harris,41,661,rv,Live Phone,2024-07-09,2024-07-12,0,116
Siena/NYT,3,Virginia,Kamala Harris,43,661,lv,Live Phone,2024-07-09,2024-07-12,0,116
Siena/NYT,3,Pennsylvania,Kamala Harris,46,872,rv,Live Phone,2024-07-09,2024-07-11,0,117
Siena/NYT,3,Pennsylvania,Kamala Harris,47,872,lv,Live Phone,2024-07-09,2024-07-11,0,117
Siena/NYT,3,Pennsylvania,Kamala Harris,40,872,rv,Live Phone,2024-07-09,2024-07-11,0,117
Siena/NYT,3,Pennsylvania,Kamala Harris,42,872,lv,Live Phone,2024-07-09,2024-07-11,0,117
Noble Predictive Insights,2.4,NA,Kamala Harris,44,2295,lv,Online Panel/Text-to-Web,2024-07-08,2024-07-11,1,117
Noble Predictive Insights,2.4,NA,Kamala Harris,43,2535,rv,Online Panel/Text-to-Web,2024-07-08,2024-07-11,1,117
Marist,2.9,NA,Kamala Harris,50,1174,rv,Live Phone/Online Panel,2024-07-09,2024-07-10,1,118
Beacon/Shaw,2.8,NA,Kamala Harris,48,1210,rv,Live Phone/Text-to-Web,2024-07-07,2024-07-10,1,118
YouGov,3,NA,Kamala Harris,38,1443,rv,Online Panel,2024-07-07,2024-07-09,1,119
Hart/POS,2.6,NA,Kamala Harris,45,800,rv,Live Phone,2024-07-07,2024-07-09,1,119
Ipsos,2.8,NA,Kamala Harris,49,2041,rv,Probability Panel,2024-07-05,2024-07-09,1,119
Emerson,2.9,NA,Kamala Harris,42.8,1370,rv,IVR/Online Panel/Text-to-Web,2024-07-07,2024-07-08,1,120
Ipsos,2.8,NA,Kamala Harris,42,892,rv,Probability Panel,2024-07-01,2024-07-02,1,126
Ipsos,2.8,NA,Kamala Harris,38,1070,a,Probability Panel,2024-07-01,2024-07-02,1,126
YouGov,3,NA,Kamala Harris,45,1176,rv,Online Panel,2024-06-28,2024-07-01,1,127
CNN/SSRS,2.8,NA,Kamala Harris,45,1274,rv,Probability Panel,2024-06-28,2024-06-30,1,128
Data for Progress,2.6,NA,Kamala Harris,45,1011,lv,Online Panel,2024-06-28,2024-06-28,1,130
SurveyUSA,2.8,NA,Kamala Harris,39,1109,lv,Online Panel,2024-04-20,2024-04-22,1,197
Beacon/Shaw,2.8,NA,Kamala Harris,45,1094,rv,Live Phone/Text-to-Web,2024-03-22,2024-03-25,1,225
SurveyUSA,2.8,Ohio,Kamala Harris,38,1241,rv,Online Panel,2024-03-06,2024-03-11,0,239
Siena/NYT,3,NA,Kamala Harris,41,980,rv,Live Phone,2024-02-25,2024-02-28,1,251
Siena/NYT,3,NA,Kamala Harris,42,980,lv,Live Phone,2024-02-25,2024-02-28,1,251
Emerson,2.9,Wisconsin,Kamala Harris,43.6,1000,rv,IVR/Online Panel/Text-to-Web/Email,2024-02-20,2024-02-24,0,255
Emerson,2.9,Nevada,Kamala Harris,38.9,1000,rv,IVR/Online Panel/Email,2024-02-16,2024-02-19,0,260
Emerson,2.9,Arizona,Kamala Harris,40.3,1000,rv,IVR/Online Panel/Email,2024-02-16,2024-02-19,0,260
Emerson,2.9,Pennsylvania,Kamala Harris,39.5,1000,rv,IVR/Online Panel/Email,2024-02-14,2024-02-16,0,263
Emerson,2.9,North Carolina,Kamala Harris,40.7,1000,rv,IVR/Online Panel/Email,2024-02-14,2024-02-16,0,263
Emerson,2.9,Georgia,Kamala Harris,41.2,1000,rv,IVR/Online Panel/Email,2024-02-14,2024-02-16,0,263
Emerson,2.9,NA,Kamala Harris,42.7,1225,rv,IVR/Online Panel/Email,2024-02-13,2024-02-14,1,265
U. Houston,2.2,Texas,Kamala Harris,39,1145,lv,Online Panel,2024-01-11,2024-01-24,0,286
Emerson,2.9,California,Kamala Harris,47.2,1000,rv,IVR/Online Panel,2023-11-11,2023-11-14,0,357
Beacon/Shaw,2.8,NA,Kamala Harris,45,1001,rv,Live Phone,2023-11-10,2023-11-13,1,358
Siena/NYT,3,Arizona,Kamala Harris,43,603,rv,Live Phone,2023-10-22,2023-11-03,0,368
Siena/NYT,3,Arizona,Kamala Harris,43,603,lv,Live Phone,2023-10-22,2023-11-03,0,368
Siena/NYT,3,Georgia,Kamala Harris,44,629,rv,Live Phone,2023-10-22,2023-11-03,0,368
Siena/NYT,3,Georgia,Kamala Harris,44,629,lv,Live Phone,2023-10-22,2023-11-03,0,368
Siena/NYT,3,Michigan,Kamala Harris,45,616,rv,Live Phone,2023-10-22,2023-11-03,0,368
Siena/NYT,3,Michigan,Kamala Harris,48,616,lv,Live Phone,2023-10-22,2023-11-03,0,368
Siena/NYT,3,Nevada,Kamala Harris,42,611,rv,Live Phone,2023-10-22,2023-11-03,0,368
Siena/NYT,3,Nevada,Kamala Harris,42,611,lv,Live Phone,2023-10-22,2023-11-03,0,368
Siena/NYT,3,Pennsylvania,Kamala Harris,44,600,rv,Live Phone,2023-10-22,2023-11-03,0,368
Siena/NYT,3,Pennsylvania,Kamala Harris,44,600,lv,Live Phone,2023-10-22,2023-11-03,0,368
Siena/NYT,3,Wisconsin,Kamala Harris,46,603,rv,Live Phone,2023-10-22,2023-11-03,0,368
Siena/NYT,3,Wisconsin,Kamala Harris,46,603,lv,Live Phone,2023-10-22,2023-11-03,0,368
Noble Predictive Insights,2.4,NA,Kamala Harris,45,2202,lv,Online Panel/Text-to-Web,2023-10-20,2023-10-26,1,376
Noble Predictive Insights,2.4,NA,Kamala Harris,43,2605,rv,Online Panel/Text-to-Web,2023-10-20,2023-10-26,1,376
YouGov,3,NA,Kamala Harris,42,1014,rv,Online Panel,2023-02-23,2023-02-27,1,617
YouGov,3,NA,Kamala Harris,40,1014,rv,Online Panel,2023-02-23,2023-02-27,1,617
Rasmussen,2.1,NA,Kamala Harris,42,900,lv,IVR/Online Panel,2023-02-08,2023-02-12,1,632
Susquehanna,2.3,NA,Kamala Harris,54,800,lv,Live Phone,2022-10-04,2022-10-11,1,756
Suffolk,2.9,Florida,Kamala Harris,40.4,500,lv,Live Phone,2022-09-15,2022-09-18,0,779
Suffolk,2.9,Florida,Kamala Harris,44.4,500,lv,Live Phone,2022-09-15,2022-09-18,0,779
YouGov,3,NA,Kamala Harris,42,1557,a,Online Panel,2022-07-28,2022-08-01,1,827
YouGov,3,NA,Kamala Harris,45,1152,rv,Online Panel,2022-07-28,2022-08-01,1,827
Echelon Insights,2.7,NA,Kamala Harris,46,1022,lv,Online Panel,2022-07-15,2022-07-18,1,841
Echelon Insights,2.7,NA,Kamala Harris,45,1022,rv,Online Panel,2022-07-15,2022-07-18,1,841
Echelon Insights,2.7,NA,Kamala Harris,43,1022,lv,Online Panel,2022-07-15,2022-07-18,1,841
Echelon Insights,2.7,NA,Kamala Harris,43,1022,rv,Online Panel,2022-07-15,2022-07-18,1,841
YouGov,3,NA,Kamala Harris,41,1630,a,Online Panel,2022-06-24,2022-06-27,1,862
YouGov,3,NA,Kamala Harris,41,1630,a,Online Panel,2022-06-24,2022-06-27,1,862
YouGov,3,NA,Kamala Harris,44,1239,rv,Online Panel,2022-06-24,2022-06-27,1,862
YouGov,3,NA,Kamala Harris,45,1239,rv,Online Panel,2022-06-24,2022-06-27,1,862
Susquehanna,2.3,NA,Kamala Harris,49,800,lv,Live Phone,2022-04-19,2022-04-27,1,923
Echelon Insights,2.7,NA,Kamala Harris,43,1001,lv,Online Panel,2022-04-18,2022-04-20,1,930
Echelon Insights,2.7,NA,Kamala Harris,43,1001,rv,Online Panel,2022-04-18,2022-04-20,1,930
Susquehanna,2.3,NA,Kamala Harris,46,800,lv,Live Phone,2022-02-03,2022-02-09,1,1000
Rasmussen,2.1,NA,Kamala Harris,39,1000,lv,IVR/Online Panel,2021-09-21,2021-09-22,1,1140
Echelon Insights,2.7,NA,Kamala Harris,47,1001,rv,Online Panel,2021-06-18,2021-06-22,1,1232
Echelon Insights,2.7,NA,Kamala Harris,45,1001,rv,Online Panel,2021-06-18,2021-06-22,1,1232
Echelon Insights,2.7,NA,Kamala Harris,43,1043,rv,Online Panel,2021-04-16,2021-04-23,1,1292
